Date,Equity Value,Equity Momentum,Equity Carry,Rates Value,Rates Momentum,Rates Carry,Currency Value,Currency Momentum,Currency Carry,Commodity Value,Commodity Momentum,Commodity Carry
1974-03-31,100.00 ,100.00 ,100.00 ,100.00 ,100.00 ,100.00 ,100.00 ,100.00 ,100.00 ,100.00 ,100.00 ,100.00 
1974-04-30,105.42 ,101.39 ,94.98 ,100.24 ,99.29 ,99.54 ,97.79 ,103.93 ,97.87 ,89.68 ,120.79 ,116.63 
1974-05-31,90.42 ,86.49 ,96.93 ,103.54 ,95.53 ,97.31 ,99.80 ,101.68 ,99.31 ,82.05 ,128.13 ,128.11 
1974-06-28,90.24 ,87.86 ,98.13 ,106.05 ,93.22 ,98.53 ,100.64 ,101.17 ,99.91 ,88.69 ,124.01 ,122.63 
1974-07-31,95.55 ,93.21 ,97.23 ,105.49 ,94.38 ,97.82 ,100.12 ,104.19 ,98.30 ,96.33 ,103.95 ,122.98 
1974-08-30,96.73 ,98.34 ,96.00 ,107.75 ,93.11 ,100.20 ,100.73 ,103.73 ,98.90 ,80.88 ,125.90 ,132.95 
1974-09-30,94.37 ,102.86 ,95.64 ,109.68 ,93.07 ,101.51 ,101.28 ,103.64 ,99.44 ,75.18 ,126.65 ,145.80 
1974-10-31,94.81 ,100.82 ,101.46 ,110.48 ,94.39 ,101.00 ,98.69 ,103.59 ,98.20 ,65.60 ,144.39 ,156.61 
1974-11-29,94.73 ,113.68 ,94.26 ,113.26 ,96.43 ,105.14 ,94.07 ,103.38 ,96.63 ,61.12 ,153.07 ,161.90 
1974-12-31,95.38 ,111.33 ,94.44 ,114.63 ,97.90 ,106.32 ,92.36 ,105.67 ,95.88 ,62.48 ,152.96 ,160.37 
1975-01-31,113.84 ,84.26 ,104.06 ,117.63 ,97.45 ,109.20 ,92.67 ,105.87 ,95.65 ,72.41 ,150.23 ,173.64 
1975-02-28,117.14 ,76.98 ,106.04 ,119.25 ,96.57 ,107.80 ,92.27 ,107.36 ,96.67 ,81.40 ,135.63 ,163.70 
1975-03-31,117.04 ,76.07 ,108.62 ,121.63 ,95.54 ,108.95 ,93.49 ,105.33 ,97.62 ,81.79 ,127.06 ,154.96 
1975-04-30,126.91 ,72.92 ,111.68 ,121.96 ,95.70 ,109.74 ,93.69 ,106.33 ,98.09 ,94.71 ,114.55 ,132.87 
1975-05-30,127.06 ,72.49 ,112.05 ,121.30 ,96.09 ,109.32 ,93.40 ,107.91 ,97.76 ,106.26 ,107.32 ,123.56 
1975-06-30,121.60 ,72.46 ,116.70 ,122.83 ,97.08 ,108.41 ,92.74 ,108.88 ,97.52 ,112.13 ,104.47 ,117.45 
1975-07-31,123.25 ,72.78 ,120.95 ,122.77 ,96.54 ,108.81 ,92.19 ,102.70 ,98.93 ,99.69 ,99.37 ,117.24 
1975-08-29,130.54 ,75.46 ,118.55 ,123.47 ,96.96 ,109.33 ,92.17 ,103.33 ,98.80 ,101.10 ,98.64 ,115.14 
1975-09-30,131.31 ,79.50 ,118.52 ,124.35 ,98.18 ,109.90 ,91.81 ,102.80 ,99.09 ,108.44 ,105.46 ,122.72 
1975-10-31,130.55 ,80.17 ,119.47 ,123.98 ,96.42 ,108.77 ,91.63 ,103.89 ,98.06 ,114.49 ,103.29 ,128.85 
1975-11-28,134.64 ,80.10 ,120.56 ,123.95 ,96.59 ,110.55 ,90.69 ,103.22 ,98.62 ,121.39 ,115.75 ,129.83 
1975-12-31,133.78 ,84.63 ,124.58 ,125.38 ,97.63 ,110.97 ,90.60 ,103.65 ,98.06 ,113.37 ,121.53 ,136.73 
1976-01-30,127.69 ,89.91 ,130.62 ,122.39 ,97.45 ,109.12 ,90.83 ,103.21 ,98.51 ,117.28 ,119.65 ,130.67 
1976-02-27,124.72 ,92.02 ,132.92 ,124.76 ,99.46 ,111.65 ,90.55 ,103.28 ,98.96 ,116.05 ,114.08 ,129.23 
1976-03-31,120.39 ,94.93 ,140.23 ,125.24 ,100.80 ,112.69 ,90.86 ,103.46 ,98.54 ,113.37 ,123.94 ,144.85 
1976-04-30,126.88 ,94.05 ,138.56 ,125.78 ,101.60 ,114.07 ,90.46 ,104.66 ,98.51 ,109.29 ,133.99 ,151.42 
1976-05-31,126.10 ,93.06 ,134.96 ,124.29 ,101.25 ,114.27 ,89.17 ,107.55 ,97.84 ,115.90 ,135.03 ,152.36 
1976-06-30,124.76 ,92.84 ,135.21 ,126.33 ,98.97 ,114.00 ,89.25 ,107.19 ,98.38 ,117.94 ,131.65 ,143.17 
1976-07-30,126.85 ,93.23 ,135.83 ,125.65 ,98.44 ,113.63 ,90.30 ,107.45 ,97.83 ,119.66 ,131.81 ,145.53 
1976-08-31,124.01 ,94.40 ,137.37 ,124.84 ,100.00 ,116.13 ,90.52 ,107.06 ,97.41 ,126.79 ,147.70 ,164.85 
1976-09-30,123.67 ,93.14 ,141.59 ,126.35 ,100.87 ,117.78 ,91.90 ,109.85 ,97.33 ,117.35 ,165.67 ,186.31 
1976-10-29,120.98 ,95.00 ,145.98 ,128.16 ,102.67 ,117.47 ,92.15 ,110.66 ,97.61 ,115.33 ,184.96 ,194.02 
1976-11-30,125.33 ,93.44 ,150.17 ,129.80 ,104.36 ,118.33 ,97.58 ,110.78 ,100.27 ,118.68 ,187.62 ,198.97 
1976-12-31,125.49 ,96.15 ,144.93 ,134.13 ,102.45 ,115.95 ,96.56 ,109.95 ,100.70 ,117.94 ,198.02 ,219.24 
1977-01-31,130.58 ,96.25 ,144.92 ,127.88 ,104.06 ,117.97 ,96.29 ,107.37 ,101.39 ,111.46 ,206.96 ,224.47 
1977-02-28,134.20 ,94.74 ,143.39 ,127.21 ,103.88 ,118.84 ,97.15 ,108.20 ,101.86 ,102.49 ,230.55 ,234.72 
1977-03-31,142.85 ,99.06 ,146.25 ,127.17 ,105.43 ,121.55 ,97.33 ,108.28 ,101.63 ,107.43 ,242.28 ,234.33 
1977-04-29,146.35 ,103.07 ,151.45 ,128.50 ,106.10 ,124.11 ,97.37 ,108.86 ,101.52 ,107.86 ,249.95 ,227.25 
1977-05-31,141.84 ,103.45 ,150.24 ,125.65 ,107.30 ,123.86 ,97.17 ,108.36 ,101.54 ,99.27 ,266.75 ,232.48 
1977-06-30,141.95 ,102.72 ,154.21 ,126.45 ,107.98 ,123.59 ,97.24 ,108.58 ,101.53 ,105.23 ,245.66 ,221.47 
1977-07-29,144.72 ,106.66 ,162.61 ,126.58 ,109.88 ,125.82 ,97.64 ,109.02 ,101.89 ,108.50 ,236.78 ,213.84 
1977-08-31,137.18 ,107.85 ,157.36 ,127.43 ,110.91 ,129.07 ,97.65 ,108.71 ,101.16 ,115.74 ,230.85 ,216.48 
1977-09-30,139.66 ,111.68 ,163.48 ,127.32 ,110.02 ,131.32 ,97.42 ,108.03 ,100.89 ,118.41 ,226.07 ,213.30 
1977-10-31,141.08 ,112.99 ,166.79 ,126.87 ,111.20 ,133.21 ,98.84 ,110.17 ,99.58 ,118.24 ,228.27 ,214.95 
1977-11-30,143.54 ,116.77 ,171.90 ,126.28 ,110.29 ,131.85 ,98.48 ,108.87 ,99.30 ,118.91 ,232.84 ,218.28 
1977-12-30,146.85 ,114.18 ,166.11 ,125.69 ,111.56 ,134.01 ,99.33 ,110.10 ,98.87 ,120.37 ,242.14 ,230.27 
1978-01-31,142.04 ,112.45 ,167.74 ,123.53 ,111.50 ,134.37 ,99.20 ,110.39 ,98.87 ,123.43 ,248.09 ,238.84 
1978-02-28,139.22 ,111.64 ,165.36 ,123.88 ,112.21 ,133.33 ,99.89 ,111.28 ,96.88 ,119.39 ,262.92 ,250.85 
1978-03-31,132.04 ,113.90 ,160.26 ,125.43 ,112.42 ,134.79 ,98.76 ,111.40 ,97.87 ,113.93 ,259.98 ,264.19 
1978-04-28,131.78 ,111.41 ,163.37 ,123.59 ,111.11 ,134.26 ,98.99 ,109.40 ,98.45 ,118.81 ,264.49 ,265.54 
1978-05-31,133.79 ,112.98 ,159.91 ,124.21 ,111.95 ,132.41 ,98.57 ,108.96 ,97.86 ,119.05 ,268.52 ,272.39 
1978-06-30,124.96 ,118.64 ,164.55 ,122.96 ,111.79 ,133.21 ,98.37 ,111.08 ,96.68 ,115.76 ,272.48 ,278.34 
1978-07-31,125.82 ,120.76 ,162.99 ,123.29 ,107.83 ,137.62 ,97.10 ,114.13 ,95.20 ,112.92 ,296.29 ,268.11 
1978-08-31,125.29 ,123.03 ,162.89 ,123.22 ,107.85 ,136.49 ,97.25 ,115.94 ,94.23 ,111.12 ,293.23 ,285.44 
1978-09-29,120.96 ,121.64 ,152.51 ,123.39 ,107.06 ,136.51 ,96.87 ,117.37 ,93.45 ,115.06 ,293.24 ,280.67 
1978-10-31,112.96 ,127.34 ,152.52 ,123.43 ,105.68 ,134.70 ,98.62 ,119.29 ,92.83 ,116.84 ,284.53 ,294.88 
1978-11-30,120.49 ,116.29 ,153.11 ,124.18 ,104.74 ,134.08 ,101.15 ,112.71 ,95.43 ,115.60 ,299.42 ,290.10 
1978-12-29,119.53 ,118.31 ,153.95 ,121.15 ,108.30 ,139.19 ,101.04 ,115.28 ,94.81 ,111.59 ,305.69 ,285.35 
1979-01-31,120.27 ,119.09 ,155.23 ,123.83 ,108.67 ,141.87 ,102.59 ,113.68 ,96.24 ,111.92 ,307.42 ,286.07 
1979-02-28,124.72 ,113.56 ,153.55 ,125.83 ,108.21 ,143.91 ,103.00 ,113.44 ,96.60 ,106.61 ,324.50 ,290.92 
1979-03-30,129.86 ,112.13 ,150.39 ,129.38 ,106.85 ,144.47 ,105.04 ,111.61 ,98.97 ,106.52 ,321.08 ,287.96 
1979-04-30,130.38 ,116.98 ,151.00 ,130.39 ,107.18 ,143.10 ,107.58 ,110.66 ,101.84 ,103.17 ,326.40 ,303.27 
1979-05-31,127.76 ,121.75 ,147.48 ,128.10 ,105.71 ,141.69 ,107.67 ,110.86 ,101.87 ,107.39 ,324.94 ,303.19 
1979-06-29,125.53 ,126.08 ,148.04 ,127.06 ,102.94 ,141.69 ,107.22 ,112.08 ,101.56 ,111.86 ,323.44 ,296.49 
1979-07-31,123.42 ,127.17 ,144.91 ,128.73 ,101.31 ,145.00 ,107.98 ,113.13 ,102.89 ,115.47 ,334.72 ,305.40 
1979-08-31,124.42 ,135.49 ,140.38 ,129.56 ,100.34 ,145.99 ,108.14 ,114.26 ,103.18 ,116.24 ,354.11 ,321.92 
1979-09-28,117.95 ,142.53 ,134.97 ,129.16 ,100.20 ,145.70 ,107.00 ,113.90 ,101.80 ,103.38 ,397.68 ,282.72 
1979-10-31,120.81 ,143.42 ,138.47 ,129.43 ,102.38 ,149.16 ,108.48 ,115.01 ,103.39 ,109.59 ,396.35 ,270.81 
1979-11-30,115.79 ,150.22 ,134.58 ,129.19 ,102.20 ,150.19 ,107.74 ,118.19 ,105.67 ,109.68 ,393.43 ,269.34 
1979-12-31,109.63 ,148.09 ,135.01 ,131.71 ,98.96 ,147.33 ,107.90 ,117.86 ,105.68 ,98.73 ,454.34 ,258.25 
1980-01-31,105.19 ,157.96 ,128.60 ,129.73 ,98.33 ,147.12 ,109.12 ,118.39 ,106.56 ,99.46 ,509.01 ,266.68 
1980-02-29,102.83 ,159.30 ,126.80 ,124.34 ,98.38 ,150.27 ,110.07 ,121.42 ,108.24 ,98.67 ,534.53 ,269.79 
1980-03-31,109.35 ,139.73 ,133.60 ,123.81 ,97.94 ,151.41 ,110.46 ,119.93 ,106.29 ,104.97 ,475.40 ,276.93 
1980-04-30,105.96 ,145.42 ,132.65 ,127.07 ,92.77 ,145.28 ,108.43 ,117.42 ,106.19 ,121.50 ,454.42 ,233.55 
1980-05-30,101.94 ,155.93 ,132.87 ,127.85 ,91.59 ,143.34 ,108.30 ,117.80 ,106.26 ,129.44 ,495.57 ,207.70 
1980-06-30,99.48 ,158.71 ,129.25 ,128.52 ,90.10 ,145.32 ,107.82 ,117.23 ,105.97 ,134.99 ,482.10 ,199.84 
1980-07-31,100.72 ,160.05 ,127.17 ,132.01 ,89.87 ,144.51 ,107.38 ,119.40 ,106.87 ,161.03 ,419.40 ,194.04 
1980-08-29,97.81 ,164.85 ,122.86 ,131.59 ,89.45 ,142.68 ,107.73 ,119.18 ,107.02 ,158.20 ,434.20 ,194.44 
1980-09-30,98.00 ,164.34 ,118.61 ,133.06 ,90.42 ,142.40 ,107.17 ,118.85 ,107.76 ,151.23 ,478.26 ,185.58 
1980-10-31,100.73 ,174.91 ,108.77 ,137.61 ,91.32 ,143.50 ,106.74 ,121.33 ,108.38 ,160.64 ,481.47 ,179.20 
1980-11-28,104.77 ,174.09 ,110.79 ,136.85 ,89.83 ,144.47 ,106.93 ,120.95 ,108.15 ,176.37 ,474.35 ,172.86 
1980-12-31,103.47 ,172.78 ,111.53 ,133.73 ,88.56 ,145.37 ,106.17 ,125.75 ,107.73 ,178.73 ,446.65 ,188.37 
1981-01-30,104.16 ,184.81 ,102.98 ,134.94 ,90.05 ,147.83 ,105.61 ,131.85 ,108.51 ,193.49 ,434.48 ,183.17 
1981-02-27,111.73 ,191.73 ,105.05 ,132.72 ,89.24 ,145.35 ,107.81 ,131.21 ,108.01 ,200.40 ,439.10 ,184.94 
1981-03-31,109.85 ,190.20 ,103.70 ,133.60 ,91.31 ,146.96 ,107.11 ,129.94 ,107.95 ,202.55 ,424.59 ,173.60 
1981-04-30,107.45 ,203.42 ,101.09 ,135.65 ,93.74 ,153.91 ,106.51 ,133.26 ,108.07 ,215.21 ,445.57 ,164.88 
1981-05-29,96.86 ,229.95 ,92.90 ,136.18 ,92.64 ,154.63 ,105.51 ,135.35 ,108.54 ,216.04 ,466.55 ,164.99 
1981-06-30,95.38 ,235.93 ,100.18 ,137.60 ,95.83 ,155.02 ,105.29 ,135.49 ,108.85 ,215.53 ,494.84 ,167.47 
1981-07-31,100.26 ,214.95 ,106.02 ,136.12 ,98.12 ,157.70 ,105.57 ,135.62 ,110.37 ,249.58 ,432.94 ,167.19 
1981-08-31,102.93 ,214.76 ,108.20 ,135.35 ,98.11 ,159.01 ,105.58 ,136.73 ,111.02 ,226.84 ,437.12 ,163.07 
1981-09-30,107.55 ,204.68 ,112.94 ,138.02 ,98.84 ,160.32 ,110.67 ,129.09 ,113.19 ,244.27 ,428.25 ,168.57 
1981-10-30,112.78 ,212.86 ,116.81 ,140.13 ,95.90 ,159.91 ,111.87 ,125.83 ,112.00 ,248.54 ,430.95 ,176.61 
1981-11-30,111.14 ,214.51 ,112.78 ,143.60 ,92.68 ,159.11 ,110.31 ,126.44 ,110.33 ,250.59 ,435.04 ,184.86 
1981-12-31,115.54 ,212.77 ,117.52 ,140.03 ,93.39 ,160.91 ,110.49 ,127.01 ,110.94 ,270.96 ,431.75 ,186.50 
1982-01-29,121.20 ,218.15 ,121.59 ,137.53 ,93.91 ,161.34 ,109.94 ,126.91 ,111.18 ,274.68 ,439.84 ,188.06 
1982-02-26,128.06 ,226.60 ,120.07 ,138.49 ,92.45 ,158.27 ,108.72 ,128.44 ,110.77 ,280.78 ,462.69 ,197.56 
1982-03-31,136.49 ,231.51 ,126.18 ,137.63 ,94.85 ,158.07 ,108.36 ,131.30 ,110.65 ,274.21 ,490.42 ,202.35 
1982-04-30,133.46 ,220.71 ,124.52 ,138.79 ,95.71 ,157.87 ,110.59 ,127.97 ,111.56 ,282.81 ,533.08 ,207.84 
1982-05-31,128.80 ,221.98 ,125.48 ,135.64 ,97.78 ,159.41 ,111.01 ,128.04 ,113.09 ,282.02 ,590.82 ,218.52 
1982-06-30,128.67 ,234.09 ,130.62 ,135.03 ,94.65 ,158.70 ,110.11 ,127.75 ,112.26 ,288.21 ,596.59 ,221.79 
1982-07-30,130.59 ,240.73 ,128.85 ,135.39 ,95.08 ,161.25 ,111.20 ,128.47 ,113.25 ,265.90 ,597.38 ,222.88 
1982-08-31,141.68 ,241.38 ,125.90 ,136.00 ,94.97 ,161.87 ,111.66 ,129.00 ,113.72 ,245.12 ,609.35 ,232.25 
1982-09-30,146.47 ,255.56 ,128.01 ,137.18 ,94.92 ,161.52 ,112.35 ,130.21 ,115.09 ,253.75 ,639.45 ,245.72 
1982-10-29,155.02 ,268.09 ,126.57 ,141.91 ,98.36 ,165.54 ,116.69 ,135.05 ,116.93 ,239.20 ,617.11 ,239.94 
1982-11-30,146.90 ,278.31 ,125.49 ,144.19 ,98.20 ,165.95 ,118.22 ,130.49 ,116.99 ,239.30 ,590.71 ,229.15 
1982-12-31,151.03 ,278.54 ,128.69 ,147.26 ,98.84 ,168.95 ,118.80 ,130.59 ,116.12 ,229.55 ,606.00 ,236.52 
1983-01-31,153.90 ,267.64 ,121.67 ,151.36 ,94.73 ,169.32 ,117.31 ,130.67 ,116.17 ,215.46 ,611.78 ,230.82 
1983-02-28,159.63 ,269.37 ,118.52 ,153.57 ,93.37 ,171.62 ,118.54 ,132.11 ,117.53 ,220.99 ,620.03 ,239.11 
1983-03-31,167.11 ,271.96 ,122.26 ,153.26 ,92.96 ,169.11 ,120.60 ,132.94 ,117.23 ,234.24 ,554.62 ,222.18 
1983-04-29,169.23 ,288.57 ,120.17 ,159.07 ,94.28 ,164.45 ,118.33 ,130.49 ,116.99 ,241.39 ,544.49 ,220.95 
1983-05-31,176.34 ,291.39 ,117.86 ,160.53 ,92.47 ,158.94 ,115.69 ,127.36 ,117.24 ,263.83 ,489.79 ,203.58 
1983-06-30,178.83 ,297.13 ,122.69 ,158.02 ,91.79 ,157.97 ,115.22 ,129.35 ,116.96 ,268.41 ,484.09 ,208.84 
1983-07-29,182.68 ,299.19 ,117.44 ,157.85 ,89.68 ,156.88 ,112.75 ,128.38 ,116.21 ,290.52 ,459.24 ,207.05 
1983-08-31,188.80 ,315.27 ,114.65 ,158.40 ,89.93 ,156.66 ,112.13 ,127.74 ,117.08 ,328.29 ,391.31 ,199.60 
1983-09-30,198.97 ,329.62 ,113.61 ,160.32 ,92.32 ,160.86 ,112.05 ,127.99 ,116.67 ,345.63 ,387.86 ,208.93 
1983-10-31,196.50 ,307.62 ,117.97 ,160.45 ,92.86 ,162.59 ,111.92 ,128.46 ,117.32 ,378.66 ,361.81 ,217.01 
1983-11-30,200.03 ,316.84 ,117.58 ,162.36 ,92.85 ,163.56 ,110.39 ,130.00 ,117.15 ,388.43 ,362.37 ,222.30 
1983-12-30,193.23 ,321.87 ,120.58 ,163.27 ,91.81 ,160.88 ,110.28 ,130.27 ,117.12 ,423.98 ,385.09 ,227.96 
1984-01-31,203.50 ,317.39 ,120.27 ,163.18 ,93.75 ,162.16 ,108.53 ,132.57 ,117.23 ,416.73 ,374.25 ,242.65 
1984-02-29,207.57 ,300.07 ,124.55 ,163.20 ,93.92 ,161.03 ,113.58 ,125.74 ,119.76 ,395.38 ,376.53 ,244.87 
1984-03-30,201.16 ,304.16 ,126.06 ,160.89 ,94.39 ,158.40 ,113.66 ,126.11 ,120.11 ,400.71 ,377.07 ,250.00 
1984-04-30,201.66 ,322.45 ,125.02 ,159.83 ,94.63 ,155.60 ,111.75 ,129.53 ,120.13 ,391.32 ,405.98 ,261.97 
1984-05-31,211.95 ,319.64 ,128.28 ,156.50 ,97.31 ,156.55 ,112.51 ,128.75 ,120.67 ,380.76 ,423.71 ,266.30 
1984-06-29,219.87 ,312.89 ,130.64 ,156.45 ,96.94 ,155.75 ,113.22 ,128.51 ,121.28 ,385.40 ,424.87 ,281.61 
1984-07-31,217.98 ,309.21 ,131.59 ,157.26 ,95.46 ,154.68 ,111.60 ,126.66 ,124.02 ,390.35 ,425.79 ,292.29 
1984-08-31,226.77 ,317.64 ,133.52 ,158.76 ,94.64 ,155.57 ,110.01 ,127.38 ,123.62 ,402.92 ,440.80 ,291.60 
1984-09-28,234.46 ,325.24 ,141.51 ,157.39 ,93.90 ,156.80 ,108.20 ,129.12 ,123.13 ,395.75 ,437.66 ,280.66 
1984-10-31,235.07 ,335.00 ,143.38 ,157.68 ,92.71 ,157.48 ,107.95 ,130.20 ,123.89 ,399.65 ,432.00 ,286.94 
1984-11-30,241.84 ,346.73 ,144.86 ,159.52 ,91.86 ,159.95 ,106.96 ,131.57 ,124.00 ,378.90 ,449.31 ,288.52 
1984-12-31,241.34 ,350.10 ,144.04 ,157.48 ,94.31 ,162.98 ,107.28 ,132.76 ,124.93 ,356.35 ,490.26 ,308.33 
1985-01-31,252.26 ,355.64 ,141.25 ,153.50 ,97.22 ,161.53 ,107.74 ,133.75 ,125.85 ,364.53 ,502.67 ,321.55 
1985-02-28,247.21 ,360.63 ,144.26 ,152.47 ,96.68 ,162.77 ,107.90 ,132.93 ,124.61 ,344.29 ,535.95 ,341.53 
1985-03-29,248.07 ,361.67 ,144.66 ,154.71 ,95.32 ,164.13 ,111.65 ,129.48 ,124.58 ,367.34 ,526.31 ,346.00 
1985-04-30,250.49 ,375.20 ,143.60 ,160.29 ,92.75 ,167.03 ,112.96 ,129.34 ,123.44 ,344.48 ,565.63 ,369.17 
1985-05-31,243.85 ,388.97 ,145.71 ,164.63 ,93.31 ,170.32 ,112.10 ,129.33 ,124.60 ,337.11 ,580.04 ,371.79 
1985-06-28,246.27 ,401.90 ,147.46 ,166.18 ,92.28 ,170.82 ,112.84 ,127.48 ,126.11 ,335.81 ,588.99 ,383.42 
1985-07-31,253.95 ,394.92 ,139.77 ,168.04 ,91.52 ,168.84 ,114.22 ,124.15 ,125.45 ,400.09 ,505.08 ,349.44 
1985-08-30,247.42 ,410.56 ,141.54 ,168.08 ,93.31 ,173.06 ,115.62 ,123.05 ,126.09 ,413.03 ,510.68 ,330.82 
1985-09-30,238.96 ,397.82 ,140.09 ,164.86 ,92.61 ,173.42 ,115.56 ,123.26 ,125.11 ,402.76 ,499.18 ,331.36 
1985-10-31,241.03 ,393.45 ,144.23 ,159.68 ,96.11 ,181.36 ,116.60 ,125.29 ,125.31 ,408.38 ,480.36 ,314.58 
1985-11-29,249.11 ,403.78 ,142.33 ,158.32 ,99.55 ,186.28 ,117.92 ,127.07 ,124.32 ,394.71 ,485.04 ,309.35 
1985-12-31,248.86 ,411.57 ,141.07 ,161.27 ,100.37 ,188.49 ,119.55 ,123.42 ,122.27 ,362.48 ,506.51 ,306.44 
1986-01-31,245.91 ,418.14 ,140.04 ,158.49 ,99.05 ,184.80 ,120.86 ,123.58 ,123.77 ,396.58 ,449.31 ,289.14 
1986-02-28,243.22 ,424.96 ,139.50 ,161.08 ,101.38 ,186.55 ,123.55 ,128.32 ,120.72 ,399.34 ,441.16 ,287.97 
1986-03-31,241.99 ,450.24 ,133.76 ,162.37 ,102.56 ,183.36 ,119.10 ,124.12 ,121.50 ,427.03 ,472.72 ,257.80 
1986-04-30,236.89 ,489.19 ,132.75 ,160.30 ,102.46 ,179.54 ,122.06 ,126.12 ,121.48 ,467.18 ,454.08 ,288.49 
1986-05-30,240.81 ,466.86 ,134.63 ,153.46 ,97.38 ,177.74 ,121.94 ,123.81 ,121.54 ,467.04 ,406.74 ,278.94 
1986-06-30,239.27 ,430.45 ,140.81 ,150.71 ,97.53 ,180.79 ,121.02 ,127.70 ,116.99 ,428.28 ,409.04 ,277.99 
1986-07-31,213.97 ,456.09 ,141.61 ,148.48 ,98.72 ,181.90 ,120.83 ,132.98 ,111.78 ,388.24 ,435.81 ,266.66 
1986-08-29,208.97 ,462.77 ,145.03 ,147.29 ,99.34 ,182.20 ,120.69 ,135.19 ,110.66 ,408.03 ,379.35 ,260.95 
1986-09-30,212.51 ,447.94 ,143.03 ,144.21 ,99.03 ,181.36 ,120.70 ,134.41 ,111.55 ,427.44 ,384.92 ,261.72 
1986-10-31,208.47 ,425.55 ,143.94 ,141.41 ,99.26 ,185.36 ,122.80 ,129.87 ,114.92 ,449.25 ,381.77 ,262.11 
1986-11-28,209.98 ,434.13 ,148.28 ,141.47 ,99.18 ,188.10 ,123.82 ,132.60 ,113.91 ,449.26 ,392.36 ,267.04 
1986-12-31,206.20 ,447.94 ,148.67 ,143.27 ,97.88 ,187.83 ,124.93 ,131.07 ,115.50 ,487.81 ,356.57 ,242.27 
1987-01-30,217.03 ,439.62 ,145.89 ,143.03 ,98.43 ,186.16 ,123.76 ,134.11 ,114.34 ,521.87 ,346.16 ,235.86 
1987-02-27,208.94 ,459.63 ,147.38 ,141.50 ,98.80 ,188.22 ,124.47 ,131.90 ,116.06 ,498.72 ,368.33 ,251.76 
1987-03-31,210.86 ,446.34 ,144.62 ,143.32 ,97.45 ,186.71 ,123.85 ,129.61 ,116.91 ,506.24 ,374.13 ,269.40 
1987-04-30,203.20 ,457.40 ,139.48 ,147.69 ,93.88 ,178.72 ,123.01 ,129.47 ,117.07 ,503.40 ,368.07 ,263.64 
1987-05-29,203.94 ,485.96 ,143.95 ,153.37 ,91.29 ,176.33 ,123.86 ,127.50 ,118.72 ,502.98 ,390.10 ,266.44 
1987-06-30,211.35 ,483.24 ,151.88 ,156.24 ,89.24 ,179.17 ,124.96 ,125.54 ,120.68 ,508.73 ,408.67 ,276.89 
1987-07-31,212.63 ,484.08 ,152.74 ,160.52 ,87.52 ,181.88 ,124.89 ,125.43 ,120.40 ,479.85 ,463.68 ,300.49 
1987-08-31,211.64 ,499.25 ,150.59 ,160.85 ,89.28 ,181.94 ,124.87 ,126.16 ,121.23 ,481.79 ,457.08 ,309.26 
1987-09-30,210.48 ,503.59 ,148.18 ,164.36 ,90.80 ,180.08 ,126.16 ,129.08 ,124.38 ,505.14 ,443.25 ,299.23 
1987-10-30,222.87 ,429.13 ,152.13 ,161.26 ,89.45 ,186.65 ,125.70 ,122.78 ,120.26 ,531.57 ,404.10 ,289.84 
1987-11-30,215.21 ,432.76 ,147.16 ,163.25 ,87.97 ,185.09 ,126.32 ,124.51 ,120.74 ,496.93 ,401.21 ,294.77 
1987-12-31,216.44 ,455.21 ,151.70 ,162.42 ,87.13 ,184.36 ,124.56 ,123.62 ,119.18 ,480.07 ,369.99 ,275.64 
1988-01-29,208.17 ,481.69 ,152.66 ,161.78 ,85.75 ,183.45 ,123.29 ,124.05 ,122.66 ,500.87 ,363.76 ,274.62 
1988-02-29,199.16 ,452.50 ,159.48 ,165.92 ,86.26 ,184.96 ,124.19 ,123.92 ,124.16 ,510.63 ,379.55 ,276.59 
1988-03-31,200.07 ,466.03 ,152.70 ,163.11 ,86.96 ,186.12 ,125.14 ,124.88 ,124.13 ,525.80 ,361.13 ,279.22 
1988-04-29,196.31 ,458.97 ,154.31 ,161.13 ,87.45 ,184.21 ,125.65 ,127.81 ,126.98 ,521.60 ,368.08 ,284.94 
1988-05-31,195.48 ,462.30 ,151.49 ,163.73 ,86.47 ,185.98 ,126.23 ,131.77 ,130.46 ,499.60 ,395.09 ,272.59 
1988-06-30,196.59 ,458.04 ,154.31 ,166.91 ,88.75 ,185.71 ,127.31 ,133.38 ,132.63 ,440.20 ,427.03 ,209.47 
1988-07-29,198.56 ,454.23 ,154.51 ,167.79 ,89.04 ,183.67 ,127.88 ,136.94 ,133.81 ,495.74 ,378.37 ,231.06 
1988-08-31,199.84 ,464.41 ,159.25 ,169.44 ,90.37 ,185.97 ,129.59 ,135.02 ,133.40 ,451.93 ,412.35 ,229.27 
1988-09-30,202.25 ,469.96 ,161.83 ,169.85 ,89.66 ,187.49 ,129.32 ,135.91 ,133.42 ,429.17 ,427.03 ,239.90 
1988-10-31,202.70 ,470.58 ,162.36 ,170.03 ,88.96 ,187.63 ,129.56 ,133.67 ,131.68 ,453.93 ,399.22 ,248.56 
1988-11-30,200.40 ,481.06 ,162.22 ,171.34 ,89.12 ,188.90 ,128.93 ,136.15 ,133.89 ,501.66 ,351.60 ,252.51 
1988-12-30,204.42 ,487.12 ,161.62 ,173.24 ,88.71 ,190.58 ,129.47 ,136.85 ,134.63 ,515.45 ,348.90 ,261.85 
1989-01-31,206.61 ,491.13 ,155.25 ,174.77 ,89.37 ,189.69 ,127.49 ,143.09 ,138.42 ,519.20 ,353.23 ,269.49 
1989-02-28,207.51 ,490.81 ,158.78 ,176.50 ,89.24 ,188.06 ,129.84 ,137.58 ,134.76 ,539.10 ,344.74 ,280.18 
1989-03-31,209.91 ,503.55 ,163.24 ,178.70 ,89.85 ,187.45 ,128.78 ,142.55 ,138.56 ,580.97 ,353.20 ,296.44 
1989-04-28,215.02 ,512.96 ,164.41 ,179.01 ,89.05 ,187.01 ,129.24 ,142.57 ,138.71 ,577.41 ,363.61 ,287.53 
1989-05-31,212.74 ,519.40 ,167.27 ,179.09 ,89.95 ,186.25 ,128.26 ,143.42 ,139.82 ,578.20 ,368.19 ,294.33 
1989-06-30,221.58 ,549.55 ,171.26 ,179.35 ,89.92 ,185.88 ,129.29 ,141.71 ,138.78 ,546.31 ,387.82 ,297.59 
1989-07-31,219.73 ,521.53 ,167.32 ,176.02 ,90.11 ,188.18 ,130.77 ,140.52 ,139.02 ,548.02 ,402.29 ,294.45 
1989-08-31,224.58 ,516.49 ,171.01 ,176.28 ,88.79 ,186.05 ,130.03 ,142.87 ,142.52 ,562.56 ,408.75 ,307.84 
1989-09-29,219.58 ,512.20 ,175.46 ,175.84 ,89.31 ,188.69 ,130.83 ,142.41 ,140.63 ,558.95 ,437.44 ,315.77 
1989-10-31,213.94 ,508.10 ,180.84 ,174.09 ,90.91 ,186.77 ,132.32 ,143.29 ,140.62 ,539.63 ,441.39 ,317.53 
1989-11-30,208.89 ,519.60 ,183.24 ,171.62 ,91.15 ,184.34 ,133.69 ,143.12 ,139.52 ,543.55 ,436.06 ,312.65 
1989-12-29,206.95 ,546.20 ,191.22 ,171.59 ,90.10 ,183.66 ,137.24 ,143.15 ,139.56 ,568.16 ,490.46 ,340.13 
1990-01-31,202.60 ,587.53 ,188.50 ,175.17 ,90.26 ,182.74 ,137.19 ,141.86 ,140.17 ,563.15 ,498.29 ,332.24 
1990-02-28,203.05 ,632.22 ,194.44 ,174.81 ,91.13 ,183.80 ,137.55 ,142.93 ,141.33 ,602.80 ,464.65 ,326.90 
1990-03-30,211.87 ,638.20 ,210.87 ,180.83 ,88.94 ,186.29 ,138.46 ,145.53 ,142.13 ,605.88 ,454.88 ,320.06 
1990-04-30,204.74 ,598.96 ,220.21 ,183.35 ,86.74 ,186.65 ,138.18 ,147.11 ,141.59 ,592.21 ,419.45 ,302.55 
1990-05-31,203.65 ,588.60 ,220.74 ,180.16 ,87.21 ,184.72 ,137.07 ,143.62 ,141.84 ,607.54 ,414.42 ,307.25 
1990-06-29,208.48 ,598.49 ,223.87 ,179.99 ,87.77 ,184.92 ,138.68 ,143.41 ,143.91 ,581.76 ,419.07 ,313.65 
1990-07-31,205.48 ,613.42 ,220.84 ,181.38 ,88.07 ,187.57 ,139.41 ,146.13 ,143.38 ,662.31 ,458.47 ,326.91 
1990-08-31,215.59 ,595.50 ,209.57 ,182.51 ,88.34 ,185.73 ,139.32 ,144.87 ,143.55 ,796.43 ,510.32 ,319.24 
1990-09-28,236.09 ,588.94 ,230.78 ,182.83 ,89.75 ,188.91 ,139.34 ,143.36 ,143.04 ,893.94 ,598.94 ,295.61 
1990-10-31,213.00 ,600.08 ,215.30 ,182.60 ,88.56 ,188.41 ,139.98 ,145.66 ,141.61 ,846.24 ,581.17 ,302.78 
1990-11-30,222.63 ,632.45 ,199.43 ,178.67 ,89.68 ,186.72 ,140.51 ,146.91 ,142.15 ,847.91 ,575.44 ,299.94 
1990-12-31,221.92 ,624.41 ,206.89 ,174.66 ,88.72 ,183.61 ,140.54 ,147.80 ,142.15 ,831.06 ,572.83 ,310.07 
1991-01-31,223.37 ,627.42 ,203.19 ,176.01 ,89.67 ,183.49 ,140.25 ,148.37 ,142.34 ,820.22 ,524.47 ,282.79 
1991-02-28,215.37 ,605.30 ,198.75 ,178.56 ,88.55 ,183.67 ,141.39 ,145.64 ,143.11 ,810.59 ,519.23 ,277.04 
1991-03-29,219.96 ,613.36 ,198.21 ,172.06 ,88.89 ,178.62 ,142.39 ,139.08 ,143.03 ,819.93 ,509.02 ,277.64 
1991-04-30,220.15 ,607.45 ,199.34 ,173.93 ,89.75 ,180.18 ,144.10 ,137.10 ,144.04 ,774.89 ,541.21 ,288.72 
1991-05-31,219.41 ,637.98 ,200.64 ,175.27 ,89.70 ,181.09 ,143.73 ,135.70 ,142.92 ,775.41 ,536.89 ,298.07 
1991-06-28,224.63 ,661.64 ,205.44 ,175.50 ,89.09 ,180.95 ,145.37 ,139.11 ,141.96 ,783.10 ,534.29 ,314.45 
1991-07-31,231.64 ,685.39 ,203.34 ,172.42 ,88.95 ,180.87 ,147.56 ,136.74 ,144.67 ,791.31 ,509.70 ,299.26 
1991-08-30,235.46 ,703.60 ,215.76 ,171.08 ,89.63 ,181.09 ,148.04 ,137.51 ,145.01 ,784.13 ,527.55 ,290.50 
1991-09-30,230.78 ,711.93 ,208.34 ,169.02 ,90.72 ,182.93 ,147.62 ,134.03 ,146.30 ,806.34 ,523.71 ,289.62 
1991-10-31,232.17 ,726.01 ,210.02 ,169.58 ,91.27 ,185.61 ,148.01 ,134.87 ,146.74 ,789.46 ,540.74 ,286.27 
1991-11-29,228.73 ,726.32 ,213.97 ,168.67 ,91.77 ,186.91 ,150.47 ,132.19 ,145.13 ,825.00 ,565.62 ,290.93 
1991-12-31,231.33 ,748.93 ,228.08 ,166.98 ,92.98 ,190.12 ,151.37 ,127.22 ,152.98 ,866.28 ,599.13 ,284.22 
1992-01-31,232.26 ,755.21 ,208.83 ,170.14 ,90.67 ,183.93 ,152.02 ,130.93 ,150.37 ,848.85 ,629.98 ,288.13 
1992-02-28,229.15 ,775.83 ,214.15 ,170.56 ,90.54 ,184.68 ,153.65 ,130.55 ,150.36 ,834.53 ,634.50 ,287.00 
1992-03-31,240.09 ,783.60 ,217.22 ,170.15 ,90.59 ,186.23 ,154.93 ,130.15 ,151.26 ,827.17 ,633.24 ,294.76 
1992-04-30,248.08 ,822.58 ,221.30 ,171.19 ,90.73 ,186.55 ,154.94 ,131.21 ,153.50 ,820.78 ,649.88 ,302.30 
1992-05-29,243.90 ,852.37 ,220.91 ,169.76 ,91.93 ,189.72 ,152.55 ,133.05 ,156.06 ,779.42 ,672.94 ,310.72 
1992-06-30,238.70 ,911.92 ,219.13 ,166.18 ,94.09 ,194.90 ,151.47 ,135.95 ,160.60 ,792.25 ,678.87 ,325.51 
1992-07-31,240.71 ,952.25 ,232.00 ,160.41 ,99.15 ,204.60 ,150.13 ,137.68 ,163.60 ,847.29 ,653.39 ,330.40 
1992-08-31,227.89 ,980.08 ,242.01 ,162.65 ,99.92 ,206.24 ,147.21 ,142.03 ,168.41 ,833.24 ,678.59 ,340.98 
1992-09-30,226.35 ,1023.48 ,234.30 ,162.42 ,100.50 ,206.34 ,148.18 ,140.37 ,160.92 ,821.43 ,694.51 ,337.67 
1992-10-30,226.60 ,982.11 ,254.61 ,164.57 ,98.95 ,203.38 ,151.54 ,135.80 ,155.44 ,854.72 ,674.79 ,335.67 
1992-11-30,236.42 ,923.40 ,255.42 ,165.19 ,96.60 ,199.78 ,156.17 ,134.46 ,151.10 ,880.44 ,662.68 ,336.74 
1992-12-31,238.94 ,943.87 ,254.23 ,163.44 ,98.06 ,201.30 ,159.41 ,132.86 ,147.55 ,881.12 ,669.52 ,343.49 
1993-01-29,246.20 ,923.23 ,270.77 ,167.95 ,95.48 ,204.87 ,161.07 ,136.16 ,148.89 ,825.47 ,712.51 ,363.51 
1993-02-26,246.59 ,918.07 ,276.50 ,165.18 ,97.36 ,209.68 ,162.71 ,139.47 ,141.93 ,831.46 ,750.60 ,353.73 
1993-03-31,247.85 ,896.30 ,279.61 ,168.46 ,96.98 ,207.53 ,163.26 ,139.87 ,141.94 ,836.34 ,775.16 ,365.16 
1993-04-30,244.19 ,880.16 ,285.56 ,170.28 ,97.13 ,207.15 ,160.62 ,137.21 ,142.67 ,864.06 ,754.95 ,367.24 
1993-05-31,241.94 ,871.70 ,295.42 ,174.80 ,95.08 ,204.89 ,156.42 ,137.70 ,141.15 ,916.74 ,732.05 ,373.98 
1993-06-30,245.84 ,825.87 ,293.08 ,177.47 ,94.96 ,203.76 ,157.54 ,137.30 ,137.78 ,954.10 ,748.86 ,379.39 
1993-07-30,255.02 ,805.69 ,293.62 ,178.18 ,95.32 ,206.97 ,156.50 ,141.22 ,129.27 ,1088.03 ,758.04 ,375.01 
1993-08-31,254.84 ,808.01 ,295.90 ,181.24 ,94.90 ,207.32 ,156.61 ,138.89 ,134.03 ,1061.97 ,731.14 ,357.65 
1993-09-30,250.83 ,795.33 ,306.96 ,180.65 ,94.78 ,208.01 ,155.45 ,136.18 ,136.98 ,1034.66 ,667.37 ,345.32 
1993-10-29,250.20 ,832.60 ,339.43 ,183.28 ,95.60 ,207.83 ,158.02 ,137.21 ,135.76 ,1123.85 ,719.62 ,362.21 
1993-11-30,256.16 ,801.56 ,332.92 ,180.65 ,93.59 ,204.82 ,157.69 ,138.11 ,134.61 ,1218.89 ,753.19 ,378.55 
1993-12-31,247.02 ,854.40 ,295.66 ,182.00 ,93.29 ,203.07 ,159.24 ,137.97 ,134.25 ,1320.74 ,830.07 ,408.55 
1994-01-31,260.18 ,882.36 ,319.69 ,185.67 ,94.30 ,205.75 ,160.07 ,136.47 ,134.46 ,1245.28 ,837.54 ,409.71 
1994-02-28,259.43 ,866.36 ,335.31 ,185.10 ,94.44 ,205.66 ,158.15 ,138.15 ,134.23 ,1239.19 ,846.95 ,410.81 
1994-03-31,269.87 ,846.33 ,328.03 ,182.04 ,92.94 ,201.57 ,157.19 ,134.98 ,137.76 ,1265.10 ,832.11 ,405.52 
1994-04-29,271.50 ,839.06 ,326.91 ,182.26 ,94.06 ,203.24 ,158.34 ,135.82 ,138.51 ,1296.36 ,769.69 ,410.79 
1994-05-31,262.90 ,855.37 ,344.97 ,178.88 ,93.97 ,203.95 ,161.32 ,135.24 ,139.73 ,1474.99 ,777.32 ,381.33 
1994-06-30,251.71 ,840.39 ,349.88 ,175.29 ,91.73 ,203.12 ,159.36 ,135.08 ,138.86 ,1629.89 ,791.05 ,365.35 
1994-07-29,264.30 ,846.93 ,348.45 ,174.05 ,91.10 ,201.50 ,161.69 ,135.43 ,140.37 ,1680.82 ,773.70 ,357.43 
1994-08-31,261.57 ,859.48 ,350.12 ,178.91 ,89.34 ,209.30 ,161.77 ,135.80 ,140.85 ,1764.41 ,822.95 ,360.08 
1994-09-30,253.73 ,861.79 ,366.56 ,177.01 ,90.63 ,207.52 ,160.74 ,136.96 ,141.01 ,1807.84 ,862.61 ,351.81 
1994-10-31,256.72 ,890.68 ,365.11 ,177.37 ,90.47 ,207.81 ,159.48 ,138.46 ,141.41 ,1857.64 ,845.60 ,377.02 
1994-11-30,266.53 ,862.70 ,350.03 ,177.26 ,90.58 ,206.61 ,161.80 ,139.59 ,142.38 ,1865.15 ,886.96 ,412.95 
1994-12-30,262.75 ,870.99 ,355.44 ,178.22 ,90.59 ,208.95 ,161.07 ,142.24 ,142.80 ,1874.44 ,899.82 ,416.80 
1995-01-31,272.87 ,902.66 ,347.54 ,175.90 ,90.36 ,205.17 ,160.44 ,141.55 ,142.11 ,1866.67 ,911.33 ,436.07 
1995-02-28,264.29 ,884.81 ,351.67 ,176.91 ,90.03 ,201.67 ,158.02 ,143.70 ,138.92 ,1778.96 ,939.35 ,429.40 
1995-03-31,261.76 ,842.24 ,349.59 ,170.02 ,93.16 ,195.70 ,151.11 ,148.75 ,130.93 ,1875.94 ,882.83 ,406.34 
1995-04-28,275.56 ,851.19 ,335.95 ,169.30 ,93.39 ,196.27 ,152.67 ,145.88 ,132.85 ,1874.82 ,932.28 ,412.83 
1995-05-31,270.14 ,865.11 ,351.68 ,168.99 ,93.16 ,194.04 ,154.94 ,143.35 ,135.35 ,1914.41 ,902.01 ,410.89 
1995-06-30,271.96 ,893.62 ,348.34 ,168.99 ,94.35 ,191.49 ,155.00 ,145.35 ,135.70 ,2076.45 ,889.48 ,432.44 
1995-07-31,272.92 ,889.26 ,350.88 ,169.83 ,93.22 ,194.98 ,158.17 ,142.75 ,139.35 ,2066.24 ,875.90 ,410.25 
1995-08-31,271.30 ,886.51 ,362.30 ,173.28 ,91.21 ,194.84 ,163.98 ,137.88 ,144.05 ,2024.39 ,863.04 ,410.78 
1995-09-29,267.61 ,922.43 ,380.53 ,173.60 ,92.87 ,195.77 ,162.10 ,140.35 ,143.56 ,2020.66 ,938.25 ,414.30 
1995-10-31,266.74 ,903.15 ,387.98 ,171.85 ,94.00 ,197.49 ,163.22 ,142.24 ,145.57 ,1978.69 ,941.98 ,405.38 
1995-11-30,267.46 ,930.59 ,394.91 ,172.32 ,94.34 ,197.35 ,163.78 ,141.93 ,147.30 ,2070.94 ,955.89 ,401.94 
1995-12-29,267.92 ,898.52 ,396.65 ,174.07 ,93.04 ,194.84 ,165.56 ,142.19 ,148.34 ,2204.61 ,954.23 ,374.27 
1996-01-31,264.47 ,868.88 ,391.99 ,177.23 ,91.95 ,194.11 ,169.99 ,138.92 ,151.86 ,2040.72 ,874.12 ,399.09 
1996-02-29,265.15 ,890.82 ,386.79 ,180.89 ,89.65 ,191.43 ,170.41 ,139.51 ,153.42 ,2122.38 ,916.75 ,424.09 
1996-03-29,259.40 ,899.73 ,400.65 ,178.59 ,89.88 ,194.70 ,171.70 ,140.66 ,155.27 ,2201.65 ,934.91 ,444.50 
1996-04-30,272.46 ,871.26 ,395.19 ,181.90 ,89.75 ,195.15 ,174.44 ,143.18 ,158.86 ,1997.17 ,1028.04 ,443.26 
1996-05-31,272.63 ,867.01 ,397.02 ,183.60 ,90.26 ,192.46 ,176.14 ,144.59 ,160.99 ,2058.73 ,994.71 ,438.33 
1996-06-28,276.32 ,883.23 ,395.06 ,184.64 ,90.57 ,191.26 ,177.00 ,145.61 ,162.51 ,2112.38 ,1013.74 ,459.99 
1996-07-31,279.16 ,875.53 ,395.96 ,186.01 ,90.71 ,190.34 ,175.36 ,141.86 ,159.88 ,2366.83 ,958.51 ,471.59 
1996-08-30,276.62 ,863.43 ,389.03 ,186.74 ,89.93 ,191.79 ,177.47 ,144.05 ,162.14 ,2521.06 ,982.21 ,499.85 
1996-09-30,282.15 ,877.19 ,391.19 ,185.78 ,91.13 ,192.63 ,180.11 ,148.35 ,166.31 ,2795.84 ,1086.55 ,525.67 
1996-10-31,283.63 ,892.75 ,399.06 ,186.93 ,92.29 ,189.34 ,183.12 ,150.31 ,169.08 ,2996.13 ,1057.33 ,515.32 
1996-11-29,288.87 ,893.95 ,407.09 ,187.60 ,93.28 ,189.76 ,186.46 ,154.10 ,172.61 ,2968.18 ,1097.96 ,501.42 
1996-12-31,297.56 ,908.00 ,405.57 ,189.40 ,94.35 ,189.08 ,187.92 ,154.79 ,174.09 ,3127.15 ,1146.69 ,541.66 
1997-01-31,310.03 ,914.00 ,420.17 ,187.40 ,94.60 ,188.36 ,189.73 ,157.65 ,174.18 ,2999.94 ,1112.03 ,545.23 
1997-02-28,303.85 ,948.41 ,412.94 ,189.37 ,94.29 ,192.26 ,191.32 ,161.23 ,175.33 ,3288.84 ,958.22 ,503.94 
1997-03-31,311.30 ,989.47 ,395.88 ,188.67 ,93.51 ,192.42 ,191.51 ,161.28 ,176.39 ,3257.88 ,978.46 ,520.23 
1997-04-30,318.30 ,991.99 ,405.43 ,187.68 ,93.60 ,191.45 ,193.77 ,163.45 ,177.94 ,3149.46 ,1011.76 ,547.90 
1997-05-30,314.61 ,976.61 ,433.21 ,189.61 ,93.72 ,190.08 ,189.95 ,158.94 ,173.58 ,2970.79 ,1112.37 ,562.89 
1997-06-30,317.49 ,1024.11 ,440.31 ,190.35 ,94.06 ,191.63 ,190.16 ,160.57 ,175.05 ,3153.38 ,1068.96 ,514.18 
1997-07-31,309.66 ,1054.29 ,441.16 ,191.78 ,95.03 ,191.28 ,190.19 ,163.68 ,175.44 ,3183.60 ,1055.75 ,551.22 
1997-08-29,314.98 ,1046.52 ,468.43 ,190.73 ,94.51 ,190.51 ,191.58 ,160.54 ,175.81 ,2962.03 ,1031.70 ,546.98 
1997-09-30,325.79 ,1105.18 ,463.83 ,191.64 ,95.90 ,189.71 ,190.26 ,157.58 ,175.10 ,3222.00 ,1017.69 ,531.18 
1997-10-31,318.29 ,1122.19 ,418.13 ,191.11 ,95.80 ,188.18 ,190.15 ,154.15 ,175.58 ,3234.64 ,1015.25 ,530.33 
1997-11-28,320.54 ,1165.03 ,410.43 ,190.84 ,96.12 ,189.21 ,192.06 ,156.30 ,178.80 ,3077.65 ,1012.71 ,558.49 
1997-12-31,321.40 ,1191.90 ,405.62 ,190.70 ,95.85 ,189.87 ,192.65 ,155.72 ,177.19 ,2913.67 ,1007.14 ,570.15 
1998-01-30,306.37 ,1303.41 ,374.17 ,194.33 ,95.33 ,192.49 ,191.99 ,153.21 ,177.15 ,2926.69 ,1030.24 ,570.07 
1998-02-27,325.80 ,1300.94 ,414.93 ,194.84 ,94.60 ,193.60 ,192.80 ,154.38 ,177.86 ,2762.76 ,1069.94 ,561.67 
1998-03-31,319.47 ,1417.77 ,380.20 ,195.05 ,95.21 ,193.20 ,191.28 ,152.57 ,177.40 ,2744.81 ,1040.59 ,576.85 
1998-04-30,313.35 ,1472.12 ,403.98 ,194.29 ,95.22 ,191.96 ,191.04 ,152.38 ,176.39 ,2829.28 ,1016.09 ,578.70 
1998-05-29,288.97 ,1550.27 ,410.15 ,195.37 ,95.69 ,193.63 ,193.65 ,154.17 ,176.62 ,2824.90 ,1025.55 ,575.19 
1998-06-30,276.09 ,1622.59 ,404.34 ,195.87 ,95.27 ,194.64 ,194.02 ,155.36 ,178.23 ,2804.68 ,1055.09 ,574.79 
1998-07-31,270.20 ,1686.43 ,381.49 ,194.85 ,95.54 ,195.52 ,195.67 ,157.94 ,178.40 ,2643.18 ,1031.47 ,623.08 
1998-08-31,274.91 ,1676.61 ,357.94 ,191.69 ,93.87 ,199.34 ,191.84 ,159.87 ,174.02 ,2597.02 ,1032.66 ,628.77 
1998-09-30,306.69 ,1513.44 ,365.52 ,192.00 ,93.63 ,197.13 ,192.18 ,162.57 ,172.54 ,2843.18 ,958.39 ,563.43 
1998-10-30,331.61 ,1427.34 ,382.97 ,192.97 ,92.86 ,196.48 ,190.38 ,156.18 ,168.02 ,2701.06 ,1000.62 ,589.93 
1998-11-30,331.40 ,1447.20 ,380.34 ,192.95 ,92.69 ,195.40 ,193.88 ,155.80 ,171.83 ,2614.69 ,1097.25 ,634.25 
1998-12-31,322.09 ,1564.55 ,390.58 ,196.99 ,93.37 ,193.32 ,191.05 ,157.98 ,167.13 ,2556.59 ,1100.20 ,655.97 
1999-01-29,323.39 ,1576.81 ,399.10 ,197.09 ,94.33 ,194.39 ,194.71 ,155.78 ,170.10 ,2689.47 ,1066.81 ,635.13 
1999-02-26,333.97 ,1555.67 ,393.88 ,193.94 ,93.32 ,198.22 ,199.04 ,158.39 ,169.02 ,2619.64 ,1067.51 ,664.02 
1999-03-31,335.79 ,1530.91 ,393.26 ,193.85 ,92.03 ,198.50 ,200.39 ,155.77 ,173.83 ,2773.56 ,826.38 ,583.26 
1999-04-30,358.41 ,1405.87 ,413.74 ,191.99 ,92.52 ,202.33 ,207.85 ,147.06 ,179.19 ,2707.50 ,839.98 ,565.33 
1999-05-31,343.73 ,1408.20 ,415.19 ,190.29 ,93.07 ,202.48 ,206.53 ,147.64 ,179.92 ,2755.58 ,843.41 ,569.72 
1999-06-30,346.83 ,1510.35 ,391.93 ,191.53 ,91.67 ,200.20 ,206.77 ,148.59 ,182.01 ,2648.48 ,873.21 ,615.31 
1999-07-30,354.27 ,1484.33 ,376.93 ,191.27 ,90.33 ,198.68 ,197.93 ,146.42 ,175.24 ,2525.93 ,895.55 ,616.65 
1999-08-31,350.10 ,1447.53 ,384.09 ,191.45 ,89.81 ,197.34 ,193.80 ,148.96 ,172.03 ,2476.04 ,914.46 ,600.64 
1999-09-30,338.28 ,1469.74 ,399.36 ,191.34 ,88.49 ,195.37 ,192.81 ,150.83 ,172.93 ,2408.73 ,965.59 ,644.55 
1999-10-29,328.73 ,1559.54 ,386.89 ,190.12 ,88.57 ,196.48 ,190.28 ,152.42 ,171.25 ,2539.53 ,947.45 ,649.95 
1999-11-30,326.34 ,1682.88 ,398.74 ,189.24 ,89.28 ,197.50 ,192.78 ,159.52 ,171.10 ,2461.75 ,1007.13 ,714.13 
1999-12-31,320.90 ,1793.44 ,413.13 ,186.75 ,89.42 ,197.87 ,197.78 ,161.62 ,174.53 ,2318.36 ,1084.07 ,754.64 
2000-01-31,304.85 ,1850.05 ,429.11 ,186.74 ,89.93 ,198.22 ,199.64 ,162.46 ,178.04 ,2136.24 ,1115.72 ,762.53 
2000-02-29,285.05 ,1972.48 ,418.87 ,189.62 ,88.90 ,195.09 ,199.81 ,160.87 ,177.46 ,1876.36 ,1230.15 ,849.04 
2000-03-31,285.28 ,1926.22 ,409.98 ,191.40 ,87.80 ,195.18 ,195.04 ,163.35 ,173.85 ,1986.11 ,1137.27 ,780.81 
2000-04-28,282.34 ,1938.53 ,393.93 ,190.09 ,87.68 ,196.67 ,198.61 ,164.37 ,176.82 ,1917.07 ,1162.56 ,796.27 
2000-05-31,283.08 ,1903.50 ,369.75 ,190.63 ,88.04 ,197.32 ,192.10 ,161.30 ,169.78 ,1752.52 ,1251.89 ,836.57 
2000-06-30,292.19 ,1883.84 ,391.69 ,191.68 ,87.96 ,194.48 ,193.43 ,157.65 ,172.55 ,1629.84 ,1381.86 ,922.50 
2000-07-31,298.16 ,1852.78 ,380.28 ,191.14 ,87.95 ,196.46 ,195.00 ,158.57 ,173.26 ,1798.25 ,1326.87 ,878.57 
2000-08-31,296.35 ,1878.70 ,376.35 ,192.72 ,88.02 ,194.53 ,192.46 ,164.70 ,171.57 ,1495.79 ,1586.41 ,1030.90 
2000-09-29,302.59 ,1789.70 ,383.69 ,192.70 ,88.01 ,194.72 ,185.95 ,165.23 ,168.75 ,1524.38 ,1538.10 ,1016.24 
2000-10-31,302.16 ,1755.18 ,377.07 ,192.54 ,88.04 ,195.20 ,185.84 ,167.61 ,169.09 ,1483.06 ,1570.66 ,1028.48 
2000-11-30,309.13 ,1728.79 ,384.24 ,193.36 ,88.18 ,194.26 ,189.01 ,161.46 ,170.11 ,1312.19 ,1768.32 ,1035.11 
2000-12-29,314.93 ,1721.51 ,372.34 ,194.87 ,88.47 ,192.87 ,195.96 ,152.15 ,175.59 ,1320.89 ,1701.04 ,893.16 
2001-01-31,314.05 ,1661.04 ,377.07 ,194.68 ,88.15 ,193.80 ,198.46 ,151.56 ,177.67 ,1398.28 ,1554.34 ,904.27 
2001-02-28,338.62 ,1659.97 ,385.23 ,194.23 ,88.48 ,193.46 ,195.33 ,153.18 ,176.46 ,1411.47 ,1522.40 ,894.83 
2001-03-30,339.29 ,1629.51 ,373.54 ,194.73 ,88.11 ,194.31 ,193.79 ,158.15 ,178.25 ,1362.73 ,1552.53 ,907.27 
2001-04-30,332.18 ,1489.50 ,376.76 ,193.58 ,87.66 ,195.62 ,198.48 ,155.25 ,181.07 ,1332.73 ,1589.57 ,927.57 
2001-05-31,324.34 ,1527.39 ,363.02 ,193.04 ,87.68 ,197.41 ,197.39 ,150.22 ,180.23 ,1317.05 ,1583.15 ,985.36 
2001-06-29,334.05 ,1595.14 ,372.60 ,193.07 ,87.70 ,196.99 ,201.26 ,154.97 ,183.62 ,1386.88 ,1522.89 ,1013.75 
2001-07-31,338.51 ,1592.44 ,381.36 ,194.23 ,87.61 ,198.32 ,200.30 ,155.65 ,184.42 ,1498.36 ,1408.18 ,996.77 
2001-08-31,348.82 ,1677.87 ,391.87 ,194.42 ,86.50 ,198.29 ,200.54 ,151.84 ,186.52 ,1436.65 ,1517.12 ,1069.96 
2001-09-28,348.50 ,1663.10 ,393.77 ,193.53 ,87.15 ,199.13 ,189.92 ,156.10 ,180.42 ,1506.46 ,1505.61 ,1127.22 
2001-10-31,343.83 ,1568.87 ,389.80 ,194.24 ,87.60 ,198.61 ,195.01 ,157.54 ,184.94 ,1514.88 ,1518.40 ,1073.74 
2001-11-30,352.70 ,1510.01 ,383.98 ,194.94 ,86.72 ,198.01 ,199.48 ,156.38 ,187.39 ,1643.91 ,1535.35 ,1127.80 
2001-12-31,358.44 ,1491.29 ,380.86 ,193.66 ,85.50 ,199.60 ,203.27 ,159.44 ,192.96 ,1622.19 ,1541.62 ,1147.70 
2002-01-31,368.43 ,1504.50 ,395.20 ,193.99 ,85.66 ,200.23 ,206.99 ,158.82 ,195.00 ,1625.68 ,1609.63 ,1178.16 
2002-02-28,356.97 ,1493.52 ,395.76 ,192.76 ,85.97 ,202.29 ,207.84 ,159.58 ,198.65 ,1552.67 ,1633.00 ,1193.17 
2002-03-29,358.44 ,1457.70 ,393.32 ,194.00 ,85.97 ,199.59 ,212.41 ,160.67 ,202.41 ,1577.70 ,1386.37 ,1130.85 
2002-04-30,369.12 ,1425.17 ,411.16 ,193.02 ,86.30 ,200.71 ,208.07 ,162.01 ,202.76 ,1510.31 ,1340.19 ,1142.91 
2002-05-31,372.60 ,1442.78 ,401.04 ,193.48 ,86.56 ,201.72 ,211.35 ,166.12 ,208.34 ,1634.72 ,1454.12 ,1227.25 
2002-06-28,373.80 ,1457.42 ,406.84 ,192.80 ,86.57 ,202.48 ,202.95 ,166.88 ,208.89 ,1610.78 ,1462.75 ,1218.94 
2002-07-31,383.31 ,1543.67 ,400.85 ,192.66 ,87.15 ,204.27 ,197.81 ,165.51 ,205.82 ,1659.49 ,1511.01 ,1248.44 
2002-08-30,385.42 ,1536.30 ,407.11 ,192.40 ,88.06 ,206.31 ,199.06 ,164.97 ,207.58 ,1508.62 ,1551.40 ,1189.84 
2002-09-30,385.06 ,1659.64 ,420.76 ,190.79 ,89.37 ,208.47 ,197.60 ,169.90 ,211.18 ,1419.75 ,1583.35 ,1246.21 
2002-10-31,394.17 ,1520.37 ,387.53 ,190.85 ,89.32 ,206.54 ,203.18 ,170.31 ,215.26 ,1627.73 ,1507.76 ,1207.17 
2002-11-29,393.02 ,1422.59 ,379.10 ,191.92 ,89.53 ,207.53 ,206.04 ,174.15 ,220.11 ,1699.28 ,1415.69 ,1158.09 
2002-12-31,390.70 ,1520.50 ,384.49 ,190.51 ,88.74 ,208.09 ,200.33 ,178.48 ,221.82 ,1485.38 ,1457.89 ,1202.35 
2003-01-31,386.39 ,1566.88 ,383.81 ,191.54 ,88.63 ,207.29 ,207.61 ,179.90 ,225.62 ,1403.06 ,1509.63 ,1230.81 
2003-02-28,374.96 ,1619.38 ,386.42 ,190.45 ,89.46 ,208.59 ,213.58 ,177.86 ,222.51 ,1192.62 ,1703.39 ,1342.13 
2003-03-31,379.49 ,1607.48 ,403.25 ,190.57 ,89.78 ,208.34 ,214.77 ,176.81 ,221.21 ,1302.03 ,1578.31 ,1238.37 
2003-04-30,383.59 ,1465.18 ,389.61 ,190.43 ,89.20 ,208.83 ,218.04 ,178.76 ,226.87 ,1403.34 ,1461.52 ,1191.81 
2003-05-30,388.98 ,1499.50 ,401.08 ,189.88 ,90.36 ,211.99 ,219.99 ,182.04 ,230.80 ,1265.85 ,1493.26 ,1278.31 
2003-06-30,392.94 ,1466.94 ,414.61 ,189.89 ,90.50 ,213.11 ,232.81 ,178.88 ,234.72 ,1243.00 ,1475.47 ,1304.61 
2003-07-31,403.16 ,1392.95 ,410.75 ,192.08 ,88.26 ,208.83 ,229.66 ,179.55 ,234.23 ,1263.26 ,1434.16 ,1306.64 
2003-08-29,403.90 ,1360.90 ,408.27 ,192.71 ,89.47 ,211.10 ,234.02 ,178.58 ,232.75 ,1200.14 ,1458.08 ,1379.69 
2003-09-30,402.65 ,1376.32 ,417.71 ,192.20 ,89.47 ,214.07 ,228.14 ,178.39 ,230.11 ,1287.37 ,1402.78 ,1413.87 
2003-10-31,409.76 ,1394.41 ,418.24 ,192.17 ,89.39 ,213.33 ,237.41 ,181.99 ,237.46 ,1307.86 ,1404.38 ,1468.41 
2003-11-28,417.06 ,1403.15 ,408.05 ,192.33 ,88.50 ,212.81 ,235.45 ,184.85 ,239.78 ,1267.97 ,1390.21 ,1515.09 
2003-12-31,417.26 ,1435.31 ,412.65 ,192.07 ,89.11 ,212.50 ,235.33 ,185.06 ,241.73 ,1138.75 ,1524.60 ,1487.46 
2004-01-30,424.92 ,1425.61 ,413.19 ,192.20 ,89.54 ,214.37 ,242.45 ,187.69 ,246.73 ,1203.38 ,1433.91 ,1480.40 
2004-02-27,430.90 ,1443.91 ,414.61 ,192.65 ,89.55 ,215.24 ,248.63 ,192.03 ,255.12 ,1161.53 ,1545.40 ,1503.43 
2004-03-31,420.86 ,1426.61 ,410.65 ,192.54 ,90.70 ,217.09 ,244.15 ,186.25 ,245.70 ,1143.45 ,1541.69 ,1487.61 
2004-04-30,422.40 ,1405.02 ,396.97 ,192.13 ,90.40 ,213.96 ,236.84 ,181.79 ,242.54 ,1092.13 ,1471.62 ,1505.60 
2004-05-31,423.65 ,1407.20 ,399.02 ,192.83 ,90.34 ,214.19 ,233.67 ,179.58 ,241.08 ,1132.92 ,1422.99 ,1560.53 
2004-06-30,424.44 ,1429.76 ,400.62 ,193.24 ,90.67 ,214.61 ,236.36 ,179.15 ,239.52 ,1052.45 ,1500.71 ,1630.71 
2004-07-30,424.61 ,1460.40 ,408.55 ,192.61 ,90.93 ,216.57 ,241.76 ,180.80 ,244.25 ,957.05 ,1638.51 ,1607.49 
2004-08-31,431.54 ,1484.15 ,415.25 ,193.33 ,90.82 ,218.24 ,243.13 ,182.03 ,245.95 ,1044.33 ,1537.46 ,1602.38 
2004-09-30,439.48 ,1493.67 ,417.13 ,192.15 ,89.53 ,216.07 ,246.81 ,182.88 ,249.53 ,851.24 ,1761.08 ,1604.90 
2004-10-29,438.39 ,1461.74 ,414.03 ,191.91 ,90.03 ,217.15 ,244.71 ,179.49 ,245.69 ,808.60 ,1768.42 ,1589.10 
2004-11-30,439.99 ,1501.15 ,412.81 ,192.20 ,90.21 ,215.41 ,241.79 ,180.01 ,246.00 ,848.34 ,1782.83 ,1626.64 
2004-12-31,433.82 ,1503.35 ,416.33 ,191.48 ,90.99 ,217.64 ,241.83 ,181.75 ,247.40 ,951.84 ,1607.04 ,1582.25 
2005-01-31,440.52 ,1501.65 ,409.72 ,190.84 ,91.75 ,219.46 ,246.67 ,181.21 ,251.92 ,879.17 ,1756.59 ,1535.96 
2005-02-28,432.76 ,1511.62 ,404.65 ,191.37 ,91.48 ,219.73 ,246.15 ,183.93 ,255.41 ,907.20 ,1629.06 ,1498.88 
2005-03-31,424.44 ,1495.89 ,399.63 ,190.41 ,91.95 ,219.19 ,251.19 ,186.32 ,258.15 ,844.96 ,1773.59 ,1539.26 
2005-04-29,427.73 ,1465.97 ,407.07 ,191.80 ,92.07 ,219.58 ,249.84 ,184.38 ,260.33 ,900.12 ,1703.33 ,1563.90 
2005-05-31,423.05 ,1495.25 ,400.73 ,192.29 ,91.89 ,220.44 ,253.77 ,187.10 ,261.69 ,905.75 ,1647.35 ,1605.64 
2005-06-30,422.55 ,1518.41 ,401.74 ,192.21 ,92.60 ,222.33 ,263.67 ,193.23 ,269.68 ,839.44 ,1696.04 ,1594.72 
2005-07-29,422.28 ,1530.09 ,396.90 ,192.47 ,92.63 ,222.86 ,262.70 ,193.08 ,268.49 ,837.03 ,1679.62 ,1568.40 
2005-08-31,412.79 ,1542.86 ,401.47 ,192.00 ,93.30 ,222.30 ,262.19 ,192.49 ,268.01 ,739.25 ,1863.53 ,1619.19 
2005-09-30,405.08 ,1547.88 ,401.79 ,191.16 ,94.31 ,223.62 ,271.74 ,198.58 ,275.78 ,750.38 ,1724.55 ,1634.29 
2005-10-31,399.83 ,1531.35 ,399.81 ,191.32 ,93.46 ,223.29 ,271.31 ,201.73 ,280.59 ,823.23 ,1629.50 ,1674.37 
2005-11-30,399.08 ,1536.47 ,395.56 ,192.37 ,92.65 ,223.13 ,278.71 ,205.77 ,286.13 ,841.93 ,1590.96 ,1768.02 
2005-12-30,399.52 ,1558.67 ,393.58 ,191.94 ,92.92 ,222.05 ,276.47 ,201.51 ,280.41 ,883.59 ,1604.25 ,1835.47 
2006-01-31,394.12 ,1584.65 ,398.35 ,191.85 ,92.72 ,222.27 ,276.66 ,200.17 ,280.82 ,824.58 ,1707.38 ,2065.58 
2006-02-28,406.03 ,1564.05 ,401.04 ,192.91 ,92.41 ,222.24 ,279.28 ,201.85 ,279.33 ,855.89 ,1560.99 ,2140.01 
2006-03-31,407.92 ,1582.27 ,404.02 ,193.95 ,92.60 ,221.23 ,267.98 ,194.23 ,267.47 ,763.81 ,1752.49 ,2123.34 
2006-04-28,409.93 ,1561.02 ,408.62 ,193.65 ,93.05 ,222.34 ,267.44 ,194.83 ,269.86 ,650.71 ,1950.63 ,2290.24 
2006-05-31,412.32 ,1524.58 ,402.91 ,193.89 ,93.20 ,222.92 ,263.05 ,194.26 ,266.95 ,649.65 ,1994.01 ,2368.09 
2006-06-30,412.11 ,1521.58 ,407.64 ,193.50 ,92.94 ,222.84 ,262.26 ,195.71 ,264.46 ,686.52 ,1914.43 ,2331.13 
2006-07-31,417.39 ,1516.69 ,414.48 ,193.33 ,92.84 ,223.02 ,264.98 ,195.20 ,269.83 ,641.99 ,1949.83 ,2371.50 
2006-08-31,414.69 ,1525.33 ,413.24 ,194.24 ,91.93 ,222.69 ,275.12 ,193.61 ,281.59 ,649.03 ,2021.05 ,2532.05 
2006-09-29,417.63 ,1511.07 ,414.72 ,194.54 ,91.68 ,221.65 ,279.32 ,193.08 ,282.46 ,695.33 ,2036.98 ,2701.00 
2006-10-31,417.01 ,1476.10 ,411.20 ,194.04 ,91.93 ,223.24 ,284.16 ,193.58 ,287.96 ,733.66 ,2161.07 ,2735.63 
2006-11-30,413.47 ,1445.13 ,417.33 ,193.99 ,91.96 ,223.09 ,274.13 ,192.49 ,285.70 ,721.64 ,2119.88 ,2557.99 
2006-12-29,413.45 ,1480.39 ,416.86 ,193.65 ,92.50 ,223.43 ,278.94 ,194.27 ,294.36 ,761.74 ,2207.98 ,2690.03 
2007-01-31,406.92 ,1489.31 ,420.65 ,193.91 ,92.48 ,223.64 ,277.61 ,195.65 ,295.74 ,765.10 ,2177.17 ,2635.41 
2007-02-28,407.70 ,1480.41 ,422.27 ,194.91 ,92.16 ,222.51 ,278.97 ,193.34 ,296.32 ,739.32 ,2234.95 ,2684.75 
2007-03-30,403.68 ,1501.15 ,430.14 ,193.71 ,92.69 ,223.40 ,283.91 ,192.45 ,302.00 ,705.79 ,2157.32 ,2673.57 
2007-04-30,409.51 ,1505.17 ,418.75 ,193.57 ,93.27 ,222.84 ,283.65 ,195.97 ,309.41 ,646.01 ,2285.35 ,2703.48 
2007-05-31,411.70 ,1512.03 ,408.74 ,193.10 ,93.03 ,223.77 ,290.35 ,195.12 ,314.05 ,669.09 ,2352.68 ,2688.12 
2007-06-29,416.14 ,1514.97 ,412.56 ,192.68 ,93.18 ,223.98 ,290.03 ,202.13 ,326.24 ,704.31 ,2242.49 ,2647.98 
2007-07-31,411.07 ,1565.37 ,405.47 ,193.72 ,92.77 ,223.08 ,288.22 ,198.79 ,320.86 ,696.01 ,2177.63 ,2671.30 
2007-08-31,412.41 ,1553.75 ,393.44 ,192.11 ,93.49 ,223.65 ,288.43 ,188.04 ,304.09 ,719.10 ,2327.31 ,2570.39 
2007-09-28,410.83 ,1626.88 ,401.51 ,190.88 ,93.69 ,223.24 ,287.86 ,194.14 ,316.12 ,735.27 ,2415.26 ,2474.94 
2007-10-31,409.52 ,1695.49 ,425.13 ,188.97 ,93.76 ,225.14 ,291.83 ,197.84 ,323.52 ,686.76 ,2283.18 ,2551.61 
2007-11-30,409.49 ,1719.07 ,423.48 ,187.89 ,94.57 ,226.16 ,290.62 ,187.57 ,311.44 ,724.36 ,2396.77 ,2505.94 
2007-12-31,411.94 ,1737.29 ,415.59 ,185.91 ,95.54 ,227.72 ,289.50 ,191.32 ,312.28 ,760.32 ,2453.56 ,2390.35 
2008-01-31,420.07 ,1662.95 ,422.92 ,187.05 ,94.37 ,228.64 ,293.19 ,186.32 ,306.81 ,773.86 ,2361.50 ,2296.83 
2008-02-29,403.92 ,1731.55 ,416.69 ,185.47 ,95.38 ,231.39 ,290.74 ,189.79 ,309.23 ,741.81 ,2480.90 ,2388.09 
2008-03-31,407.96 ,1702.93 ,419.29 ,184.20 ,96.42 ,232.57 ,281.53 ,181.19 ,298.32 ,720.64 ,2382.12 ,2616.21 
2008-04-30,397.76 ,1693.82 ,429.74 ,185.28 ,95.53 ,230.72 ,283.68 ,188.76 ,310.84 ,774.14 ,2410.34 ,2645.03 
2008-05-30,383.16 ,1717.47 ,420.29 ,183.69 ,96.35 ,231.55 ,284.13 ,188.29 ,313.88 ,779.87 ,2571.38 ,2693.65 
2008-06-30,361.02 ,1831.52 ,405.47 ,181.89 ,97.82 ,234.27 ,277.59 ,191.69 ,313.14 ,799.43 ,2802.81 ,2668.93 
2008-07-31,351.84 ,1861.80 ,410.85 ,184.30 ,96.53 ,232.05 ,275.42 ,192.00 ,312.73 ,820.47 ,2531.17 ,2680.30 
2008-08-29,362.82 ,1829.45 ,403.85 ,185.31 ,96.13 ,230.82 ,281.13 ,191.28 ,303.75 ,849.03 ,2472.98 ,2687.91 
2008-09-30,368.53 ,1873.26 ,394.02 ,187.62 ,95.44 ,227.42 ,295.24 ,183.06 ,285.24 ,866.53 ,2393.97 ,2646.78 
2008-10-31,383.82 ,1894.74 ,385.14 ,187.14 ,95.77 ,225.32 ,309.58 ,174.42 ,255.21 ,988.85 ,2252.89 ,2637.59 
2008-11-28,379.44 ,1982.76 ,379.88 ,189.05 ,96.63 ,228.31 ,316.05 ,180.72 ,244.64 ,1086.54 ,2139.20 ,2580.72 
2008-12-31,373.31 ,1982.12 ,378.21 ,186.09 ,99.34 ,231.30 ,310.09 ,188.81 ,242.33 ,1240.71 ,2248.42 ,2570.47 
2009-01-30,387.26 ,1901.73 ,382.78 ,186.01 ,98.97 ,230.23 ,297.46 ,195.73 ,234.89 ,1159.78 ,2292.51 ,2745.07 
2009-02-27,378.25 ,1989.12 ,387.17 ,187.21 ,97.48 ,229.34 ,304.38 ,189.97 ,240.88 ,1149.82 ,2289.67 ,2734.04 
2009-03-31,378.47 ,1939.55 ,383.30 ,188.41 ,96.77 ,233.98 ,321.55 ,176.18 ,264.21 ,1155.08 ,2195.85 ,2802.81 
2009-04-30,388.16 ,1850.99 ,373.08 ,192.88 ,94.56 ,233.40 ,327.70 ,173.30 ,268.35 ,1246.38 ,2100.41 ,2867.78 
2009-05-29,385.41 ,1816.35 ,378.38 ,192.87 ,92.91 ,234.20 ,344.34 ,168.56 ,278.20 ,1140.88 ,1936.53 ,2794.15 
2009-06-30,369.56 ,1868.75 ,377.97 ,194.31 ,92.16 ,233.36 ,353.19 ,165.82 ,286.31 ,1163.56 ,1844.09 ,2841.14 
2009-07-31,374.15 ,1947.91 ,361.49 ,197.98 ,92.31 ,235.68 ,353.47 ,162.42 ,285.41 ,1159.73 ,1909.24 ,3055.86 
2009-08-31,390.47 ,1879.38 ,366.65 ,197.15 ,91.30 ,235.57 ,349.45 ,163.29 ,292.78 ,1033.84 ,2117.29 ,3191.40 
2009-09-30,400.17 ,1872.45 ,380.13 ,196.85 ,91.21 ,235.90 ,349.45 ,166.17 ,298.51 ,1047.17 ,2090.92 ,3120.66 
2009-10-30,386.96 ,1982.88 ,388.70 ,197.43 ,92.20 ,237.41 ,350.65 ,163.88 ,305.48 ,1051.88 ,1980.83 ,3153.10 
2009-11-30,387.35 ,2014.92 ,396.43 ,197.99 ,91.30 ,235.52 ,344.63 ,166.99 ,294.71 ,978.66 ,2043.07 ,3249.13 
2009-12-31,399.07 ,1969.16 ,391.09 ,197.95 ,91.63 ,233.07 ,353.96 ,171.13 ,304.54 ,990.72 ,2103.26 ,3172.78 
2010-01-29,402.75 ,1904.74 ,388.68 ,199.01 ,90.88 ,232.99 ,352.96 ,168.40 ,299.88 ,1017.95 ,2086.34 ,3189.99 
2010-02-26,390.93 ,1899.56 ,397.06 ,198.82 ,91.67 ,233.09 ,344.44 ,168.36 ,299.08 ,1051.97 ,2121.86 ,3054.32 
2010-03-31,395.13 ,1872.84 ,399.02 ,198.71 ,93.57 ,234.06 ,349.91 ,174.93 ,302.31 ,1110.90 ,2301.36 ,2995.84 
2010-04-30,393.27 ,1862.27 ,393.43 ,196.60 ,92.78 ,231.75 ,357.39 ,178.88 ,310.29 ,1118.68 ,2239.62 ,2928.00 
2010-05-31,393.25 ,1882.00 ,395.49 ,194.07 ,91.60 ,230.59 ,357.11 ,172.07 ,291.32 ,1139.03 ,2040.62 ,2851.93 
2010-06-30,392.98 ,1942.11 ,406.40 ,193.72 ,89.54 ,230.25 ,352.97 ,170.04 ,287.61 ,1220.74 ,1865.75 ,2714.98 
2010-07-30,397.70 ,1910.64 ,414.94 ,195.02 ,89.36 ,234.16 ,349.72 ,170.24 ,297.68 ,1221.16 ,1686.62 ,2495.46 
2010-08-31,387.83 ,1928.86 ,426.53 ,193.03 ,92.11 ,231.66 ,344.49 ,171.05 ,286.81 ,1137.75 ,1767.73 ,2611.59 
2010-09-30,380.86 ,1973.42 ,428.08 ,194.65 ,91.38 ,232.70 ,342.61 ,170.61 ,299.18 ,1096.43 ,1806.05 ,2598.91 
2010-10-29,386.57 ,1974.68 ,425.47 ,196.72 ,89.85 ,235.48 ,348.32 ,173.30 ,300.81 ,981.45 ,1870.60 ,2689.43 
2010-11-30,361.84 ,2022.10 ,407.87 ,192.98 ,91.66 ,230.34 ,347.49 ,177.74 ,302.65 ,1019.38 ,1913.49 ,2786.14 
2010-12-31,368.89 ,2041.12 ,411.08 ,193.79 ,90.47 ,229.60 ,334.56 ,179.51 ,309.14 ,947.93 ,2035.90 ,2871.46 
2011-01-31,379.16 ,1954.95 ,420.27 ,197.13 ,89.18 ,230.75 ,336.64 ,173.87 ,308.22 ,968.92 ,2036.99 ,2836.34 
2011-02-28,381.36 ,1914.72 ,432.94 ,196.74 ,89.41 ,231.11 ,333.08 ,172.43 ,309.51 ,923.18 ,2111.02 ,3042.36 
2011-03-31,376.76 ,1969.63 ,435.49 ,198.72 ,88.48 ,232.64 ,332.87 ,173.23 ,313.09 ,953.45 ,2136.83 ,2995.31 
2011-04-29,388.34 ,1925.92 ,428.85 ,196.82 ,89.49 ,231.73 ,331.60 ,175.35 ,319.97 ,905.85 ,2193.24 ,2987.87 
2011-05-31,386.40 ,1951.98 ,429.17 ,195.77 ,90.36 ,230.93 ,328.27 ,177.22 ,316.77 ,903.43 ,2233.93 ,2933.37 
2011-06-30,390.02 ,1922.28 ,425.13 ,195.58 ,89.86 ,229.87 ,325.04 ,178.62 ,317.70 ,992.34 ,2068.80 ,3163.45 
2011-07-29,379.21 ,1974.77 ,430.72 ,188.56 ,93.57 ,220.98 ,321.83 ,182.15 ,311.32 ,1016.94 ,2081.61 ,3191.89 
2011-08-31,375.49 ,1960.09 ,455.45 ,190.74 ,92.46 ,225.31 ,321.61 ,180.48 ,310.66 ,884.88 ,2187.68 ,3187.32 
2011-09-30,385.58 ,1895.81 ,441.75 ,187.34 ,93.92 ,222.29 ,333.23 ,171.32 ,298.99 ,957.23 ,2087.45 ,3182.98 
2011-10-31,379.63 ,1911.83 ,439.33 ,184.58 ,95.80 ,220.54 ,327.93 ,179.02 ,314.62 ,960.69 ,2146.80 ,3255.43 
2011-11-30,380.35 ,1958.69 ,426.25 ,174.16 ,101.48 ,205.78 ,331.47 ,180.55 ,310.88 ,978.90 ,2214.83 ,3414.09 
2011-12-30,392.01 ,2000.94 ,430.64 ,176.90 ,99.12 ,210.37 ,334.73 ,180.36 ,312.00 ,969.39 ,2167.45 ,3385.55 
2012-01-31,380.28 ,1922.77 ,430.33 ,182.69 ,95.75 ,218.19 ,334.97 ,183.18 ,320.56 ,959.43 ,2265.31 ,3612.60 
2012-02-29,371.72 ,1900.94 ,419.86 ,188.10 ,92.15 ,226.67 ,329.36 ,177.69 ,329.08 ,923.98 ,2371.14 ,3694.22 
2012-03-30,372.83 ,1964.60 ,420.97 ,190.03 ,91.22 ,228.22 ,333.62 ,173.75 ,322.06 ,877.45 ,2373.60 ,3929.93 
2012-04-30,357.21 ,2050.50 ,423.87 ,186.25 ,93.49 ,221.85 ,334.97 ,174.51 ,321.68 ,902.99 ,2375.02 ,3918.23 
2012-05-31,356.46 ,2157.54 ,423.48 ,180.61 ,97.29 ,215.09 ,334.42 ,174.32 ,312.31 ,952.29 ,2280.05 ,3661.46 
2012-06-29,369.37 ,2073.29 ,452.37 ,180.78 ,96.32 ,215.06 ,331.17 ,175.11 ,325.15 ,947.61 ,2240.00 ,3589.75 
2012-07-31,360.80 ,2131.98 ,445.72 ,179.27 ,98.46 ,216.13 ,331.98 ,180.75 ,334.23 ,905.60 ,2193.84 ,3749.76 
2012-08-31,373.52 ,2054.62 ,458.72 ,183.51 ,95.87 ,221.71 ,329.49 ,174.54 ,329.41 ,890.42 ,2271.68 ,3923.27 
2012-09-28,371.19 ,2014.81 ,460.16 ,188.66 ,93.76 ,226.79 ,332.52 ,173.15 ,329.52 ,972.43 ,2019.16 ,3929.92 
2012-10-31,377.96 ,1946.51 ,467.71 ,190.99 ,93.03 ,230.26 ,330.83 ,171.09 ,329.07 ,946.58 ,2101.96 ,3941.45 
2012-11-30,376.07 ,1935.74 ,465.84 ,192.66 ,93.83 ,234.87 ,330.50 ,172.81 ,332.31 ,990.80 ,2077.98 ,4021.81 
2012-12-31,380.45 ,1886.87 ,463.45 ,193.59 ,94.58 ,239.06 ,331.55 ,172.92 ,333.85 ,1004.32 ,2049.12 ,4067.60 
2013-01-31,372.56 ,1875.50 ,458.56 ,199.30 ,94.80 ,241.80 ,327.55 ,177.60 ,339.38 ,1026.21 ,2092.34 ,4142.97 
2013-02-28,366.11 ,1903.82 ,467.30 ,196.32 ,94.01 ,239.38 ,325.66 ,177.64 ,342.69 ,1018.71 ,2103.71 ,4182.31 
2013-03-29,361.85 ,1924.43 ,487.53 ,196.04 ,94.38 ,240.18 ,328.67 ,177.45 ,350.25 ,1025.95 ,2063.10 ,4121.96 
2013-04-30,365.22 ,1898.89 ,491.02 ,199.90 ,96.59 ,246.44 ,331.98 ,180.17 ,349.58 ,1081.05 ,2104.88 ,4042.14 
2013-05-31,371.14 ,1859.19 ,492.80 ,199.68 ,96.67 ,246.58 ,333.07 ,175.16 ,338.54 ,1093.82 ,2166.46 ,4141.18 
2013-06-28,359.88 ,1858.51 ,481.54 ,201.27 ,96.14 ,245.81 ,338.99 ,168.59 ,324.11 ,1073.34 ,2164.60 ,4109.54 
2013-07-31,370.68 ,1886.96 ,478.76 ,202.65 ,97.36 ,248.15 ,337.36 ,171.61 ,323.34 ,1097.62 ,2120.11 ,4003.99 
2013-08-30,376.10 ,1882.59 ,476.76 ,206.55 ,98.56 ,249.63 ,343.45 ,170.42 ,318.23 ,1083.20 ,2176.91 ,4259.32 
2013-09-30,377.63 ,1943.97 ,476.22 ,205.41 ,98.62 ,250.94 ,342.63 ,170.36 ,325.97 ,1071.69 ,2178.28 ,4040.59 
2013-10-31,389.37 ,1942.13 ,467.05 ,205.49 ,99.82 ,253.63 ,339.91 ,170.30 ,328.98 ,1062.05 ,2177.96 ,4047.19 
2013-11-29,384.70 ,1940.99 ,459.40 ,206.87 ,101.58 ,255.75 ,343.31 ,175.06 ,322.68 ,1070.84 ,2286.84 ,4151.00 
2013-12-31,376.67 ,1972.63 ,464.99 ,209.96 ,101.75 ,255.79 ,339.99 ,180.16 ,320.73 ,1055.27 ,2377.75 ,4144.39 
2014-01-31,381.15 ,1970.91 ,472.99 ,208.04 ,101.59 ,258.29 ,346.42 ,178.93 ,316.22 ,1118.22 ,2394.74 ,4041.39 
2014-02-28,385.25 ,2013.08 ,470.50 ,209.89 ,102.39 ,259.22 ,339.23 ,180.59 ,321.45 ,1198.22 ,2308.18 ,3908.66 
2014-03-31,388.66 ,1986.51 ,461.61 ,212.16 ,104.94 ,264.29 ,337.17 ,178.18 ,330.70 ,1283.71 ,2239.25 ,3683.39 
2014-04-30,390.26 ,1963.49 ,469.96 ,214.12 ,105.42 ,265.79 ,340.15 ,178.41 ,328.38 ,1324.16 ,2272.15 ,3723.79 
2014-05-30,390.30 ,1965.51 ,466.13 ,214.29 ,105.17 ,266.00 ,345.14 ,175.19 ,332.18 ,1248.21 ,2330.86 ,3814.06 
2014-06-30,381.78 ,1951.91 ,465.62 ,215.40 ,106.63 ,267.49 ,349.50 ,176.09 ,334.88 ,1195.86 ,2276.94 ,3890.70 
2014-07-31,369.35 ,1947.33 ,462.64 ,216.12 ,107.16 ,268.41 ,351.96 ,175.93 ,334.48 ,1145.41 ,2388.64 ,3767.85 
2014-08-29,367.60 ,1968.11 ,464.32 ,216.56 ,109.05 ,270.94 ,349.44 ,174.05 ,339.39 ,1159.19 ,2408.07 ,3823.23 
2014-09-30,361.63 ,2026.60 ,446.94 ,216.19 ,109.97 ,271.89 ,349.81 ,172.81 ,334.98 ,1075.53 ,2551.95 ,3888.77 
2014-10-31,353.33 ,2014.82 ,453.50 ,216.15 ,108.82 ,270.48 ,351.73 ,175.57 ,336.16 ,1176.44 ,2445.02 ,3699.31 
2014-11-28,351.10 ,2069.12 ,440.49 ,216.81 ,109.87 ,272.60 ,347.91 ,177.88 ,337.14 ,1231.82 ,2458.97 ,3574.31 
2014-12-31,339.47 ,2108.69 ,431.41 ,217.37 ,110.73 ,271.59 ,355.92 ,181.75 ,337.44 ,1234.50 ,2471.15 ,3653.94 
2015-01-30,343.73 ,2146.14 ,425.30 ,220.74 ,111.66 ,272.20 ,341.20 ,174.98 ,319.95 ,1279.06 ,2478.31 ,3659.49 
2015-02-27,354.78 ,2130.69 ,433.29 ,221.39 ,113.55 ,270.77 ,342.59 ,180.16 ,333.08 ,1357.64 ,2204.03 ,3639.67 
2015-03-31,354.14 ,2144.67 ,426.48 ,222.59 ,114.70 ,271.42 ,345.99 ,183.41 ,336.15 ,1243.20 ,2350.29 ,3776.94 
2015-04-30,362.71 ,2058.76 ,416.93 ,223.66 ,112.63 ,274.23 ,340.47 ,180.76 ,336.98 ,1404.61 ,2185.54 ,3613.09 
2015-05-29,355.98 ,2109.27 ,417.19 ,220.45 ,111.30 ,272.06 ,340.86 ,180.90 ,328.70 ,1350.12 ,2192.21 ,3711.64 
2015-06-30,355.76 ,2132.97 ,409.78 ,221.14 ,109.50 ,273.21 ,348.07 ,177.54 ,317.55 ,1283.76 ,2032.17 ,3718.78 
2015-07-31,347.02 ,2173.87 ,391.90 ,220.79 ,110.60 ,272.13 ,352.31 ,178.03 ,316.15 ,1245.64 ,2187.17 ,3908.36 
2015-08-31,340.48 ,2171.74 ,391.38 ,221.65 ,110.22 ,272.36 ,363.19 ,179.25 ,303.06 ,1265.51 ,2115.51 ,3931.09 
2015-09-30,339.91 ,2150.56 ,398.59 ,220.44 ,109.70 ,272.46 ,366.06 ,178.22 ,302.71 ,1288.12 ,2149.26 ,3913.42 
2015-10-30,343.95 ,2156.39 ,390.30 ,219.98 ,109.58 ,270.19 ,367.90 ,174.92 ,315.11 ,1273.73 ,2232.52 ,3920.24 
2015-11-30,336.81 ,2287.20 ,386.30 ,218.69 ,107.93 ,271.29 ,367.16 ,170.68 ,323.34 ,1277.64 ,2315.74 ,3928.80 
2015-12-31,334.37 ,2230.55 ,378.65 ,217.33 ,109.10 ,270.47 ,366.40 ,174.66 ,318.46 ,1265.94 ,2456.74 ,4136.76 
2016-01-29,331.57 ,2237.95 ,368.68 ,219.75 ,108.45 ,274.58 ,366.29 ,170.42 ,314.27 ,1215.33 ,2512.65 ,4108.11 
2016-02-29,338.53 ,2154.69 ,365.07 ,219.75 ,107.40 ,275.48 ,377.76 ,173.00 ,313.13 ,1178.41 ,2625.70 ,4479.50 
2016-03-31,339.64 ,2125.68 ,354.09 ,219.82 ,107.34 ,275.63 ,371.87 ,170.33 ,318.92 ,1246.45 ,2536.78 ,4243.67 
2016-04-29,345.76 ,2097.96 ,353.62 ,220.02 ,107.43 ,274.31 ,379.57 ,170.76 ,319.81 ,1346.54 ,2347.95 ,3984.42 
2016-05-31,336.51 ,2135.67 ,347.33 ,219.56 ,106.54 ,273.28 ,381.59 ,168.81 ,319.76 ,1338.14 ,2292.23 ,3854.52 
2016-06-30,339.04 ,2172.99 ,337.08 ,222.02 ,106.77 ,277.76 ,382.22 ,173.40 ,325.97 ,1365.80 ,2320.31 ,3853.57 
2016-07-29,338.40 ,2179.36 ,336.80 ,222.44 ,107.59 ,278.82 ,380.68 ,173.81 ,328.76 ,1438.28 ,2363.81 ,3908.16 
2016-08-31,343.33 ,2136.93 ,333.93 ,222.43 ,108.86 ,278.32 ,380.38 ,174.26 ,333.06 ,1474.73 ,2277.94 ,3896.66 
2016-09-30,344.59 ,2155.51 ,337.12 ,221.27 ,108.37 ,279.46 ,374.96 ,174.55 ,335.61 ,1611.39 ,2302.32 ,3643.20 
2016-10-31,349.74 ,2083.56 ,326.48 ,220.90 ,106.76 ,280.26 ,369.56 ,178.67 ,340.86 ,1569.53 ,2318.61 ,3710.11 
2016-11-30,334.76 ,2060.10 ,318.69 ,215.97 ,107.85 ,276.62 ,375.66 ,172.34 ,346.49 ,1539.57 ,2302.38 ,3823.52 
2016-12-30,340.62 ,1995.88 ,314.35 ,213.45 ,108.76 ,278.45 ,375.29 ,169.32 ,342.74 ,1683.77 ,2044.10 ,3449.35 
2017-01-31,340.37 ,2054.95 ,316.19 ,215.18 ,107.35 ,277.85 ,368.88 ,172.52 ,349.10 ,1609.17 ,2207.44 ,3649.37 
2017-02-28,340.50 ,2051.08 ,315.42 ,213.08 ,109.20 ,278.52 ,366.48 ,173.63 ,353.19 ,1694.49 ,2225.89 ,3583.43 
2017-03-31,354.48 ,2015.37 ,305.21 ,213.45 ,109.03 ,278.63 ,373.00 ,169.46 ,344.44 ,1596.72 ,2136.45 ,3816.13 
2017-04-28,356.32 ,2002.69 ,307.42 ,215.06 ,108.13 ,280.52 ,379.19 ,163.69 ,336.23 ,1540.97 ,2058.64 ,3944.39 
2017-05-31,360.54 ,2033.41 ,308.15 ,217.08 ,107.56 ,281.61 ,374.98 ,164.00 ,333.70 ,1527.12 ,1957.38 ,3930.11 
2017-06-30,355.66 ,2023.93 ,305.89 ,216.71 ,106.79 ,280.43 ,374.12 ,164.06 ,339.07 ,1522.23 ,1890.28 ,3770.87 
2017-07-31,363.68 ,2048.72 ,310.91 ,215.65 ,106.55 ,280.41 ,373.90 ,163.47 ,345.10 ,1627.90 ,1873.29 ,3830.57 
2017-08-31,367.93 ,2052.42 ,314.60 ,214.83 ,107.08 ,282.15 ,373.11 ,161.22 ,337.04 ,1610.36 ,1970.44 ,4177.48 
2017-09-29,355.70 ,2076.57 ,304.75 ,214.77 ,107.32 ,280.46 ,381.49 ,160.61 ,340.31 ,1634.92 ,2038.60 ,4163.30 
2017-10-31,353.03 ,2102.35 ,301.41 ,214.68 ,106.40 ,280.99 ,388.75 ,160.03 ,335.61 ,1614.02 ,2146.21 ,4472.19 
2017-11-30,348.76 ,2109.02 ,297.82 ,214.99 ,105.98 ,279.96 ,395.09 ,159.75 ,329.56 ,1637.40 ,2099.11 ,4532.28 
2017-12-29,350.68 ,2070.83 ,305.93 ,212.65 ,107.08 ,278.66 ,390.89 ,159.33 ,338.18 ,1634.86 ,2213.02 ,4737.58 
2018-01-31,352.88 ,2158.84 ,303.81 ,212.88 ,107.07 ,276.42 ,385.97 ,158.87 ,337.68 ,1682.96 ,2211.55 ,4732.38 
2018-02-28,354.50 ,2146.28 ,306.07 ,212.19 ,106.83 ,277.02 ,392.41 ,153.87 ,334.05 ,1705.23 ,2116.56 ,4491.87 
2018-03-30,353.45 ,2140.05 ,306.24 ,212.01 ,106.54 ,278.30 ,396.28 ,154.87 ,333.60 ,1760.53 ,2166.05 ,4603.33 
2018-04-30,357.71 ,2152.51 ,302.98 ,209.87 ,107.48 ,278.36 ,399.93 ,153.63 ,339.46 ,1779.84 ,2237.88 ,4612.54 
2018-05-31,360.37 ,2087.99 ,296.49 ,208.62 ,107.58 ,280.46 ,396.64 ,148.87 ,342.68 ,1811.54 ,2209.91 ,4658.77 
2018-06-29,360.35 ,2019.82 ,287.91 ,208.97 ,107.85 ,280.62 ,396.30 ,150.39 ,338.41 ,1797.06 ,2267.79 ,4778.53 
2018-07-31,354.32 ,1990.99 ,291.32 ,208.68 ,108.29 ,278.99 ,395.23 ,150.31 ,339.85 ,1897.45 ,2292.13 ,4611.86 
2018-08-31,352.79 ,2017.50 ,284.68 ,209.43 ,108.14 ,280.51 ,397.04 ,151.51 ,333.05 ,1918.58 ,2390.03 ,4745.54 
2018-09-28,348.05 ,2029.21 ,285.22 ,208.79 ,108.70 ,279.34 ,395.41 ,149.77 ,335.35 ,2009.80 ,2390.43 ,5017.49 
2018-10-31,347.40 ,2046.52 ,286.18 ,206.82 ,109.27 ,278.89 ,399.40 ,151.41 ,337.84 ,1993.14 ,2200.89 ,4582.97 
2018-11-30,349.04 ,2017.69 ,278.59 ,207.45 ,108.62 ,280.17 ,394.32 ,146.45 ,345.27 ,1927.11 ,1868.96 ,3840.13 
2018-12-31,363.34 ,2043.36 ,278.98 ,210.94 ,106.95 ,279.88 ,396.55 ,147.32 ,331.17 ,1944.30 ,1754.68 ,3961.94 
2019-01-31,361.18 ,2014.30 ,277.54 ,210.65 ,107.34 ,281.38 ,401.60 ,151.17 ,344.61 ,2039.31 ,1755.60 ,4166.15 
2019-02-28,359.18 ,2012.71 ,279.10 ,211.13 ,108.23 ,280.22 ,406.59 ,151.30 ,343.07 ,2142.31 ,1683.17 ,4447.76 
2019-03-29,357.36 ,2004.10 ,281.51 ,211.48 ,108.66 ,281.21 ,401.82 ,152.13 ,343.99 ,2203.90 ,1628.35 ,4226.14 
2019-04-30,359.84 ,1976.95 ,279.16 ,212.11 ,108.89 ,280.11 ,406.67 ,152.88 ,345.61 ,2293.74 ,1709.09 ,4239.01 
2019-05-31,356.09 ,2078.51 ,279.25 ,213.22 ,109.50 ,278.64 ,404.30 ,153.96 ,338.11 ,2424.11 ,1441.11 ,3723.41 
2019-06-28,355.67 ,2057.84 ,287.15 ,213.32 ,110.30 ,279.98 ,401.83 ,153.89 ,339.60 ,2398.95 ,1456.72 ,3949.84 
2019-07-31,348.18 ,2068.09 ,282.57 ,210.17 ,110.16 ,284.51 ,403.07 ,156.08 ,341.99 ,2412.22 ,1468.36 ,4123.91 
2019-08-30,338.59 ,2103.60 ,282.38 ,212.35 ,111.37 ,282.60 ,406.38 ,159.49 ,335.26 ,2370.33 ,1470.01 ,4160.57 
2019-09-30,340.59 ,2049.91 ,278.97 ,210.93 ,111.05 ,282.67 ,409.08 ,157.77 ,339.03 ,2385.51 ,1473.80 ,4161.75 
2019-10-31,342.30 ,2001.09 ,271.51 ,212.56 ,110.83 ,280.63 ,418.24 ,157.18 ,336.82 ,2362.67 ,1468.67 ,4070.67 
2019-11-29,332.23 ,2082.11 ,270.61 ,212.75 ,111.48 ,282.20 ,419.33 ,155.91 ,338.11 ,2513.71 ,1400.70 ,4087.51 
2019-12-31,339.49 ,2067.84 ,272.29 ,212.28 ,110.43 ,281.50 ,414.85 ,153.42 ,345.33 ,2571.99 ,1362.10 ,4134.70 
2020-01-31,332.00 ,2145.99 ,270.61 ,213.98 ,111.86 ,281.57 ,418.27 ,159.34 ,334.53 ,2366.50 ,1376.85 ,3994.44 
2020-02-28,339.04 ,2152.50 ,263.20 ,216.00 ,112.26 ,282.61 ,420.32 ,156.80 ,327.28 ,2490.66 ,1315.70 ,3746.56 
2020-03-31,332.59 ,2268.69 ,272.41 ,222.14 ,113.13 ,278.34 ,428.67 ,162.86 ,306.02 ,2845.12 ,1121.31 ,3368.63 
2020-04-30,326.01 ,2242.18 ,277.02 ,221.06 ,112.39 ,275.44 ,422.72 ,157.45 ,316.10 ,2781.01 ,1199.69 ,3152.78 
2020-05-29,316.28 ,2339.82 ,282.82 ,221.33 ,113.18 ,275.85 ,419.96 ,152.73 ,322.83 ,3447.44 ,920.45 ,2612.75 
2020-06-30,316.63 ,2324.10 ,284.22 ,220.76 ,113.04 ,274.93 ,415.30 ,150.35 ,324.95 ,3636.39 ,855.98 ,2589.45 
2020-07-31,312.17 ,2407.85 ,275.93 ,220.59 ,113.45 ,275.65 ,415.28 ,149.09 ,321.86 ,3490.58 ,923.89 ,2733.26 
2020-08-31,307.01 ,2429.18 ,268.49 ,221.31 ,113.07 ,274.80 ,415.28 ,146.05 ,327.62 ,3499.42 ,896.98 ,2773.39 
2020-09-30,301.00 ,2505.51 ,264.30 ,220.99 ,112.86 ,275.06 ,417.08 ,147.02 ,324.84 ,3565.23 ,876.90 ,2741.99 
2020-10-30,308.82 ,2504.01 ,273.81 ,219.69 ,111.83 ,273.12 ,421.10 ,146.57 ,322.85 ,3305.39 ,900.81 ,2712.60 
2020-11-30,314.66 ,2243.32 ,272.83 ,220.17 ,111.89 ,273.29 ,414.76 ,144.83 ,331.26 ,3707.39 ,808.07 ,2736.25 
2020-12-31,313.66 ,2214.09 ,269.67 ,218.86 ,112.00 ,273.21 ,408.93 ,145.08 ,332.40 ,3722.68 ,843.87 ,2829.75 
2021-01-29,314.65 ,2202.02 ,264.17 ,218.93 ,111.46 ,271.70 ,409.37 ,144.33 ,335.27 ,3802.89 ,811.12 ,2740.82 
2021-02-26,317.03 ,2134.54 ,264.45 ,218.23 ,109.26 ,263.93 ,414.88 ,142.81 ,340.76 ,3896.17 ,732.71 ,2705.13 
2021-03-31,306.13 ,2129.05 ,256.64 ,218.75 ,107.49 ,263.14 ,419.35 ,141.16 ,348.91 ,3921.41 ,733.01 ,2674.11 
2021-04-30,309.57 ,2125.21 ,259.37 ,220.60 ,107.57 ,266.34 ,414.96 ,141.70 ,347.98 ,3779.50 ,793.59 ,2795.60 
2021-05-31,310.48 ,2184.26 ,262.15 ,220.96 ,106.99 ,267.74 ,419.14 ,141.10 ,346.49 ,3756.82 ,813.12 ,2764.46 
2021-06-30,301.72 ,2197.44 ,260.69 ,221.72 ,106.36 ,269.54 ,422.96 ,139.63 ,344.60 ,3808.86 ,817.32 ,2653.32 
2021-07-30,287.10 ,2238.13 ,254.84 ,222.70 ,105.55 ,272.50 ,426.27 ,136.66 ,338.41 ,3807.05 ,804.18 ,2537.89 
2021-08-31,283.52 ,2247.78 ,250.23 ,223.92 ,105.45 ,273.00 ,424.22 ,137.34 ,341.50 ,3981.96 ,768.46 ,2413.94 
2021-09-30,288.99 ,2243.75 ,248.94 ,224.15 ,106.14 ,270.68 ,423.47 ,138.11 ,343.56 ,3840.08 ,819.62 ,2601.41 
2021-10-29,279.00 ,2276.58 ,246.93 ,220.12 ,105.82 ,266.28 ,409.72 ,141.85 ,351.41 ,3721.08 ,822.40 ,2747.26 
2021-11-30,269.77 ,2297.65 ,251.26 ,219.43 ,105.66 ,268.79 ,420.21 ,136.31 ,342.07 ,3808.03 ,731.47 ,2466.46 
2021-12-31,264.52 ,2324.25 ,253.82 ,222.06 ,104.69 ,271.53 ,412.73 ,139.27 ,345.09 ,3907.54 ,760.44 ,2704.58 
2022-01-31,271.75 ,2337.45 ,249.70 ,223.17 ,105.68 ,268.33 ,419.29 ,139.87 ,342.90 ,3897.87 ,854.04 ,3055.30 
2022-02-28,276.99 ,2251.60 ,253.56 ,222.52 ,105.25 ,269.59 ,411.78 ,140.64 ,348.61 ,3577.91 ,877.52 ,2975.38 
,,,,,,,,,,,,
,,,,,,,,,,,,
,,,,,,,,,,,,
,,,,,,,,,,,,
,,,,,,,,,,,,
,,,,,,,,,,,,
,,,,,,,,,,,,
,,,,,,,,,,,,
,,,,,,,,,,,,
,,,,,,,,,,,,
,,,,,,,,,,,,
,,,,,,,,,,,,
,,,,,,,,,,,,
,,,,,,,,,,,,
,,,,,,,,,,,,
,,,,,,,,,,,,
,,,,,,,,,,,,
,,,,,,,,,,,,
,,,,,,,,,,,,
,,,,,,,,,,,,
,,,,,,,,,,,,
,,,,,,,,,,,,
,,,,,,,,,,,,
,,,,,,,,,,,,
,,,,,,,,,,,,
,,,,,,,,,,,,
,,,,,,,,,,,,
,,,,,,,,,,,,
,,,,,,,,,,,,
,,,,,,,,,,,,
,,,,,,,,,,,,
,,,,,,,,,,,,
,,,,,,,,,,,,
,,,,,,,,,,,,
,,,,,,,,,,,,
,,,,,,,,,,,,
,,,,,,,,,,,,
,,,,,,,,,,,,
,,,,,,,,,,,,
,,,,,,,,,,,,
,,,,,,,,,,,,
,,,,,,,,,,,,
,,,,,,,,,,,,
,,,,,,,,,,,,
,,,,,,,,,,,,
,,,,,,,,,,,,
,,,,,,,,,,,,
,,,,,,,,,,,,
,,,,,,,,,,,,
,,,,,,,,,,,,
,,,,,,,,,,,,
,,,,,,,,,,,,
,,,,,,,,,,,,
,,,,,,,,,,,,
,,,,,,,,,,,,
,,,,,,,,,,,,
,,,,,,,,,,,,
,,,,,,,,,,,,
,,,,,,,,,,,,
,,,,,,,,,,,,
,,,,,,,,,,,,
,,,,,,,,,,,,
,,,,,,,,,,,,
,,,,,,,,,,,,
,,,,,,,,,,,,
,,,,,,,,,,,,
,,,,,,,,,,,,
,,,,,,,,,,,,
,,,,,,,,,,,,
,,,,,,,,,,,,
,,,,,,,,,,,,
,,,,,,,,,,,,
,,,,,,,,,,,,
,,,,,,,,,,,,
,,,,,,,,,,,,
,,,,,,,,,,,,
,,,,,,,,,,,,
,,,,,,,,,,,,
,,,,,,,,,,,,
,,,,,,,,,,,,
,,,,,,,,,,,,
,,,,,,,,,,,,
,,,,,,,,,,,,
,,,,,,,,,,,,
,,,,,,,,,,,,
,,,,,,,,,,,,
,,,,,,,,,,,,
,,,,,,,,,,,,
,,,,,,,,,,,,
,,,,,,,,,,,,
,,,,,,,,,,,,
,,,,,,,,,,,,
,,,,,,,,,,,,
,,,,,,,,,,,,
,,,,,,,,,,,,
,,,,,,,,,,,,
,,,,,,,,,,,,
,,,,,,,,,,,,
,,,,,,,,,,,,
,,,,,,,,,,,,
,,,,,,,,,,,,
,,,,,,,,,,,,
,,,,,,,,,,,,
,,,,,,,,,,,,
,,,,,,,,,,,,
,,,,,,,,,,,,
,,,,,,,,,,,,
,,,,,,,,,,,,
,,,,,,,,,,,,
,,,,,,,,,,,,
,,,,,,,,,,,,
,,,,,,,,,,,,
,,,,,,,,,,,,
,,,,,,,,,,,,
,,,,,,,,,,,,
,,,,,,,,,,,,
,,,,,,,,,,,,
,,,,,,,,,,,,
,,,,,,,,,,,,
,,,,,,,,,,,,
,,,,,,,,,,,,
,,,,,,,,,,,,
,,,,,,,,,,,,
,,,,,,,,,,,,
,,,,,,,,,,,,
,,,,,,,,,,,,
,,,,,,,,,,,,
,,,,,,,,,,,,
,,,,,,,,,,,,
,,,,,,,,,,,,
,,,,,,,,,,,,
,,,,,,,,,,,,
,,,,,,,,,,,,
,,,,,,,,,,,,
,,,,,,,,,,,,
,,,,,,,,,,,,
,,,,,,,,,,,,
,,,,,,,,,,,,
,,,,,,,,,,,,
,,,,,,,,,,,,
,,,,,,,,,,,,
,,,,,,,,,,,,
,,,,,,,,,,,,
,,,,,,,,,,,,
,,,,,,,,,,,,
,,,,,,,,,,,,
,,,,,,,,,,,,
,,,,,,,,,,,,
,,,,,,,,,,,,
,,,,,,,,,,,,
,,,,,,,,,,,,
,,,,,,,,,,,,
,,,,,,,,,,,,
,,,,,,,,,,,,
,,,,,,,,,,,,
,,,,,,,,,,,,
,,,,,,,,,,,,
,,,,,,,,,,,,
,,,,,,,,,,,,
,,,,,,,,,,,,
,,,,,,,,,,,,
,,,,,,,,,,,,
,,,,,,,,,,,,
,,,,,,,,,,,,
,,,,,,,,,,,,
,,,,,,,,,,,,
,,,,,,,,,,,,
,,,,,,,,,,,,
,,,,,,,,,,,,
,,,,,,,,,,,,
,,,,,,,,,,,,
,,,,,,,,,,,,
,,,,,,,,,,,,
,,,,,,,,,,,,
,,,,,,,,,,,,
,,,,,,,,,,,,
,,,,,,,,,,,,
,,,,,,,,,,,,
,,,,,,,,,,,,
,,,,,,,,,,,,
,,,,,,,,,,,,
,,,,,,,,,,,,
,,,,,,,,,,,,
,,,,,,,,,,,,
,,,,,,,,,,,,
,,,,,,,,,,,,
,,,,,,,,,,,,
,,,,,,,,,,,,
,,,,,,,,,,,,
,,,,,,,,,,,,
,,,,,,,,,,,,
,,,,,,,,,,,,
,,,,,,,,,,,,
,,,,,,,,,,,,
,,,,,,,,,,,,
,,,,,,,,,,,,
,,,,,,,,,,,,
,,,,,,,,,,,,
,,,,,,,,,,,,
,,,,,,,,,,,,
,,,,,,,,,,,,
,,,,,,,,,,,,
,,,,,,,,,,,,
,,,,,,,,,,,,
,,,,,,,,,,,,
,,,,,,,,,,,,
,,,,,,,,,,,,
,,,,,,,,,,,,
,,,,,,,,,,,,
,,,,,,,,,,,,
,,,,,,,,,,,,
,,,,,,,,,,,,
,,,,,,,,,,,,
,,,,,,,,,,,,
,,,,,,,,,,,,
,,,,,,,,,,,,
,,,,,,,,,,,,
,,,,,,,,,,,,
,,,,,,,,,,,,
,,,,,,,,,,,,
,,,,,,,,,,,,
,,,,,,,,,,,,
,,,,,,,,,,,,
,,,,,,,,,,,,
,,,,,,,,,,,,
,,,,,,,,,,,,
,,,,,,,,,,,,
,,,,,,,,,,,,
,,,,,,,,,,,,
,,,,,,,,,,,,
,,,,,,,,,,,,
,,,,,,,,,,,,
,,,,,,,,,,,,
,,,,,,,,,,,,
,,,,,,,,,,,,
,,,,,,,,,,,,
,,,,,,,,,,,,
,,,,,,,,,,,,
,,,,,,,,,,,,
,,,,,,,,,,,,
,,,,,,,,,,,,
,,,,,,,,,,,,
,,,,,,,,,,,,
,,,,,,,,,,,,
,,,,,,,,,,,,
,,,,,,,,,,,,
,,,,,,,,,,,,
,,,,,,,,,,,,
,,,,,,,,,,,,
,,,,,,,,,,,,
,,,,,,,,,,,,
,,,,,,,,,,,,
,,,,,,,,,,,,
,,,,,,,,,,,,
,,,,,,,,,,,,
,,,,,,,,,,,,
,,,,,,,,,,,,
,,,,,,,,,,,,
,,,,,,,,,,,,
,,,,,,,,,,,,
,,,,,,,,,,,,
,,,,,,,,,,,,
,,,,,,,,,,,,
,,,,,,,,,,,,
,,,,,,,,,,,,
,,,,,,,,,,,,
,,,,,,,,,,,,
,,,,,,,,,,,,
,,,,,,,,,,,,
,,,,,,,,,,,,
,,,,,,,,,,,,
,,,,,,,,,,,,
,,,,,,,,,,,,
,,,,,,,,,,,,
,,,,,,,,,,,,
,,,,,,,,,,,,
,,,,,,,,,,,,
,,,,,,,,,,,,
,,,,,,,,,,,,
,,,,,,,,,,,,
,,,,,,,,,,,,
,,,,,,,,,,,,
,,,,,,,,,,,,
,,,,,,,,,,,,
,,,,,,,,,,,,
,,,,,,,,,,,,
,,,,,,,,,,,,
,,,,,,,,,,,,
,,,,,,,,,,,,
,,,,,,,,,,,,
,,,,,,,,,,,,
,,,,,,,,,,,,
,,,,,,,,,,,,
,,,,,,,,,,,,
,,,,,,,,,,,,
,,,,,,,,,,,,
,,,,,,,,,,,,
,,,,,,,,,,,,
,,,,,,,,,,,,
,,,,,,,,,,,,
,,,,,,,,,,,,
,,,,,,,,,,,,
,,,,,,,,,,,,
,,,,,,,,,,,,
,,,,,,,,,,,,
,,,,,,,,,,,,
,,,,,,,,,,,,
,,,,,,,,,,,,
,,,,,,,,,,,,
,,,,,,,,,,,,
,,,,,,,,,,,,
,,,,,,,,,,,,
,,,,,,,,,,,,
,,,,,,,,,,,,
,,,,,,,,,,,,
,,,,,,,,,,,,
,,,,,,,,,,,,
,,,,,,,,,,,,
,,,,,,,,,,,,
,,,,,,,,,,,,
,,,,,,,,,,,,
,,,,,,,,,,,,
,,,,,,,,,,,,
,,,,,,,,,,,,
,,,,,,,,,,,,
,,,,,,,,,,,,
,,,,,,,,,,,,
,,,,,,,,,,,,
,,,,,,,,,,,,
,,,,,,,,,,,,
,,,,,,,,,,,,
,,,,,,,,,,,,
,,,,,,,,,,,,
,,,,,,,,,,,,
,,,,,,,,,,,,
,,,,,,,,,,,,
,,,,,,,,,,,,
,,,,,,,,,,,,
,,,,,,,,,,,,
,,,,,,,,,,,,
,,,,,,,,,,,,
,,,,,,,,,,,,
,,,,,,,,,,,,
,,,,,,,,,,,,
,,,,,,,,,,,,
,,,,,,,,,,,,
,,,,,,,,,,,,
,,,,,,,,,,,,
,,,,,,,,,,,,
,,,,,,,,,,,,
,,,,,,,,,,,,
,,,,,,,,,,,,
,,,,,,,,,,,,
,,,,,,,,,,,,
,,,,,,,,,,,,
,,,,,,,,,,,,
,,,,,,,,,,,,
,,,,,,,,,,,,
,,,,,,,,,,,,
,,,,,,,,,,,,
,,,,,,,,,,,,
,,,,,,,,,,,,
,,,,,,,,,,,,
,,,,,,,,,,,,
,,,,,,,,,,,,
,,,,,,,,,,,,
,,,,,,,,,,,,
,,,,,,,,,,,,
,,,,,,,,,,,,
,,,,,,,,,,,,
,,,,,,,,,,,,
,,,,,,,,,,,,
,,,,,,,,,,,,
,,,,,,,,,,,,
,,,,,,,,,,,,
,,,,,,,,,,,,
,,,,,,,,,,,,
,,,,,,,,,,,,
,,,,,,,,,,,,
,,,,,,,,,,,,
,,,,,,,,,,,,
,,,,,,,,,,,,
,,,,,,,,,,,,
,,,,,,,,,,,,
,,,,,,,,,,,,
,,,,,,,,,,,,
,,,,,,,,,,,,
,,,,,,,,,,,,
,,,,,,,,,,,,
,,,,,,,,,,,,
,,,,,,,,,,,,
,,,,,,,,,,,,
,,,,,,,,,,,,
,,,,,,,,,,,,
,,,,,,,,,,,,
,,,,,,,,,,,,
,,,,,,,,,,,,
,,,,,,,,,,,,
,,,,,,,,,,,,
,,,,,,,,,,,,
,,,,,,,,,,,,
,,,,,,,,,,,,
,,,,,,,,,,,,
,,,,,,,,,,,,
,,,,,,,,,,,,
,,,,,,,,,,,,
,,,,,,,,,,,,
,,,,,,,,,,,,
,,,,,,,,,,,,
,,,,,,,,,,,,
,,,,,,,,,,,,
,,,,,,,,,,,,
,,,,,,,,,,,,
,,,,,,,,,,,,
,,,,,,,,,,,,
,,,,,,,,,,,,
,,,,,,,,,,,,
,,,,,,,,,,,,
,,,,,,,,,,,,
,,,,,,,,,,,,
,,,,,,,,,,,,
,,,,,,,,,,,,
,,,,,,,,,,,,
,,,,,,,,,,,,
,,,,,,,,,,,,
,,,,,,,,,,,,
,,,,,,,,,,,,
,,,,,,,,,,,,
,,,,,,,,,,,,
,,,,,,,,,,,,
,,,,,,,,,,,,
,,,,,,,,,,,,
,,,,,,,,,,,,
,,,,,,,,,,,,
,,,,,,,,,,,,
,,,,,,,,,,,,
,,,,,,,,,,,,
,,,,,,,,,,,,
,,,,,,,,,,,,
,,,,,,,,,,,,
,,,,,,,,,,,,
,,,,,,,,,,,,
,,,,,,,,,,,,
,,,,,,,,,,,,
,,,,,,,,,,,,
,,,,,,,,,,,,
,,,,,,,,,,,,
,,,,,,,,,,,,
,,,,,,,,,,,,
,,,,,,,,,,,,
,,,,,,,,,,,,
,,,,,,,,,,,,
,,,,,,,,,,,,
,,,,,,,,,,,,
,,,,,,,,,,,,
,,,,,,,,,,,,
,,,,,,,,,,,,
,,,,,,,,,,,,
,,,,,,,,,,,,
,,,,,,,,,,,,
,,,,,,,,,,,,
,,,,,,,,,,,,
,,,,,,,,,,,,
,,,,,,,,,,,,
,,,,,,,,,,,,
,,,,,,,,,,,,
,,,,,,,,,,,,
,,,,,,,,,,,,
,,,,,,,,,,,,
,,,,,,,,,,,,
,,,,,,,,,,,,
,,,,,,,,,,,,
,,,,,,,,,,,,
,,,,,,,,,,,,
,,,,,,,,,,,,
,,,,,,,,,,,,
,,,,,,,,,,,,
,,,,,,,,,,,,
,,,,,,,,,,,,
,,,,,,,,,,,,
,,,,,,,,,,,,
,,,,,,,,,,,,
,,,,,,,,,,,,
,,,,,,,,,,,,
,,,,,,,,,,,,
,,,,,,,,,,,,
,,,,,,,,,,,,
,,,,,,,,,,,,
,,,,,,,,,,,,
,,,,,,,,,,,,
,,,,,,,,,,,,
,,,,,,,,,,,,
,,,,,,,,,,,,
,,,,,,,,,,,,
,,,,,,,,,,,,
,,,,,,,,,,,,
,,,,,,,,,,,,
,,,,,,,,,,,,
,,,,,,,,,,,,
,,,,,,,,,,,,
,,,,,,,,,,,,
,,,,,,,,,,,,
,,,,,,,,,,,,
,,,,,,,,,,,,
,,,,,,,,,,,,
,,,,,,,,,,,,
,,,,,,,,,,,,
,,,,,,,,,,,,
,,,,,,,,,,,,
,,,,,,,,,,,,
,,,,,,,,,,,,
,,,,,,,,,,,,
,,,,,,,,,,,,
,,,,,,,,,,,,
,,,,,,,,,,,,
,,,,,,,,,,,,
,,,,,,,,,,,,
,,,,,,,,,,,,
,,,,,,,,,,,,
,,,,,,,,,,,,
,,,,,,,,,,,,
,,,,,,,,,,,,
,,,,,,,,,,,,
,,,,,,,,,,,,
,,,,,,,,,,,,
,,,,,,,,,,,,
,,,,,,,,,,,,
,,,,,,,,,,,,
,,,,,,,,,,,,
,,,,,,,,,,,,
,,,,,,,,,,,,
,,,,,,,,,,,,
,,,,,,,,,,,,
,,,,,,,,,,,,
,,,,,,,,,,,,
,,,,,,,,,,,,
,,,,,,,,,,,,
,,,,,,,,,,,,
,,,,,,,,,,,,
,,,,,,,,,,,,
,,,,,,,,,,,,
,,,,,,,,,,,,
,,,,,,,,,,,,
,,,,,,,,,,,,
,,,,,,,,,,,,
,,,,,,,,,,,,
,,,,,,,,,,,,
,,,,,,,,,,,,
,,,,,,,,,,,,
,,,,,,,,,,,,
,,,,,,,,,,,,
,,,,,,,,,,,,
,,,,,,,,,,,,
,,,,,,,,,,,,
,,,,,,,,,,,,
,,,,,,,,,,,,
,,,,,,,,,,,,
,,,,,,,,,,,,
,,,,,,,,,,,,
,,,,,,,,,,,,
,,,,,,,,,,,,
,,,,,,,,,,,,
,,,,,,,,,,,,
,,,,,,,,,,,,
,,,,,,,,,,,,
,,,,,,,,,,,,
,,,,,,,,,,,,
,,,,,,,,,,,,
,,,,,,,,,,,,
,,,,,,,,,,,,
,,,,,,,,,,,,
,,,,,,,,,,,,
